-- MySQL dump 10.13  Distrib 5.6.26, for osx10.10 (x86_64)
--
-- Host: localhost    Database: acm
-- ------------------------------------------------------
-- Server version	5.6.26

/*!40101 SET @OLD_CHARACTER_SET_CLIENT=@@CHARACTER_SET_CLIENT */;
/*!40101 SET @OLD_CHARACTER_SET_RESULTS=@@CHARACTER_SET_RESULTS */;
/*!40101 SET @OLD_COLLATION_CONNECTION=@@COLLATION_CONNECTION */;
/*!40101 SET NAMES utf8 */;
/*!40103 SET @OLD_TIME_ZONE=@@TIME_ZONE */;
/*!40103 SET TIME_ZONE='+00:00' */;
/*!40014 SET @OLD_UNIQUE_CHECKS=@@UNIQUE_CHECKS, UNIQUE_CHECKS=0 */;
/*!40014 SET @OLD_FOREIGN_KEY_CHECKS=@@FOREIGN_KEY_CHECKS, FOREIGN_KEY_CHECKS=0 */;
/*!40101 SET @OLD_SQL_MODE=@@SQL_MODE, SQL_MODE='NO_AUTO_VALUE_ON_ZERO' */;
/*!40111 SET @OLD_SQL_NOTES=@@SQL_NOTES, SQL_NOTES=0 */;

--
-- Current Database: `acm`
--

/*!40000 DROP DATABASE IF EXISTS `acm`*/;

CREATE DATABASE /*!32312 IF NOT EXISTS*/ `acm` /*!40100 DEFAULT CHARACTER SET utf8 */;

USE `acm`;

--
-- Table structure for table `blog_posts`
--

DROP TABLE IF EXISTS `blog_posts`;
/*!40101 SET @saved_cs_client     = @@character_set_client */;
/*!40101 SET character_set_client = utf8 */;
CREATE TABLE `blog_posts` (
  `id` int(10) unsigned NOT NULL AUTO_INCREMENT,
  `title` varchar(255) NOT NULL,
  `subtitle` varchar(255) NOT NULL,
  `post_time` int(10) unsigned NOT NULL,
  `body` text NOT NULL,
  `username` varchar(32) NOT NULL,
  PRIMARY KEY (`id`)
) ENGINE=InnoDB AUTO_INCREMENT=4 DEFAULT CHARSET=utf8;
/*!40101 SET character_set_client = @saved_cs_client */;

--
-- Dumping data for table `blog_posts`
--

LOCK TABLES `blog_posts` WRITE;
/*!40000 ALTER TABLE `blog_posts` DISABLE KEYS */;
INSERT INTO `blog_posts` VALUES (1,'Lorem Ipsum','Your everyday filler text',1445625477,'Lorem ipsum dolor sit amet, consectetur adipiscing elit. Etiam nisi ligula, accumsan sit amet tempor vel, accumsan a massa. Nam vitae massa in augue auctor sollicitudin vel non lectus. Fusce ornare nibh at neque pulvinar aliquam. Pellentesque pellentesque mi vitae ligula gravida, sed hendrerit nulla porttitor. Aliquam suscipit eget lacus ac porttitor. Quisque tempor quam eget nunc rutrum, ac aliquet nunc ultricies. Fusce dictum enim non finibus suscipit.\n\nSed eget elementum libero. Nunc justo nisl, viverra vel dolor et, posuere hendrerit ante. Vestibulum ipsum felis, dapibus ac gravida quis, tempus id sapien. Praesent pharetra magna quis sagittis euismod. Aliquam sed tincidunt sem. Maecenas a placerat erat, a pulvinar arcu. Sed ut lectus nisi. Nam libero felis, vulputate nec aliquam sit amet, sodales sed velit. Integer pulvinar commodo dolor in blandit. Duis efficitur, dui non faucibus posuere, elit eros luctus dui, sed aliquet nisl lacus eget purus. Etiam at diam in mauris interdum vestibulum sit amet nec libero. Vestibulum a commodo massa, sed feugiat massa. Ut eu viverra erat. Aenean viverra at lorem in ullamcorper. Ut rhoncus finibus tincidunt. Quisque vitae ante sagittis, faucibus quam a, consectetur lorem.\n\nCras et magna sed est auctor porttitor quis at risus. Aliquam dignissim pulvinar eros, nec dictum ante tincidunt eget. Morbi tempor bibendum justo nec mattis. Suspendisse vitae aliquam nisl. Sed elementum elit eu nulla finibus, at tristique magna posuere. Suspendisse rutrum velit ut tincidunt viverra. Cras non ligula dolor. Donec arcu sapien, fermentum nec nibh eget, aliquet porta magna. Donec ac felis vehicula, pulvinar augue eu, ornare eros. Vestibulum at mollis est, nec egestas ante. Ut pulvinar arcu ut mi mattis, eu posuere metus efficitur. Nullam semper tempus tortor, nec viverra tellus faucibus vitae.\n\nSed ultricies mi elit, laoreet porttitor dolor suscipit eget. Nunc rhoncus mauris non nibh tempor posuere. Nulla ut nisi sed elit eleifend faucibus. Pellentesque ut tellus nibh. Proin purus libero, pulvinar a egestas at, pulvinar aliquam massa. Maecenas sed porta elit. Etiam lobortis sapien convallis erat rhoncus rutrum. Nunc a massa mauris. Nulla quis justo pharetra, sagittis sem eu, finibus magna. Pellentesque odio nunc, congue in gravida quis, consequat nec nisi. Fusce eu mattis dolor. Morbi fringilla vestibulum dui ac ullamcorper. Vivamus ac odio ante. Fusce at vestibulum est.\n\nSed auctor elit id lacus dapibus, ut imperdiet urna ultrices. Vivamus sit amet augue volutpat, dignissim felis a, vehicula mi. Sed bibendum, justo ac lacinia consequat, arcu leo scelerisque ante, vitae condimentum eros ex aliquet lacus. Morbi vitae nulla in elit rhoncus aliquam. Duis non sagittis nibh. Duis varius arcu metus, eu volutpat arcu iaculis ut. Quisque venenatis tristique felis ac egestas. In sed tellus tincidunt, efficitur quam faucibus, varius mauris. Quisque in sapien velit. Pellentesque efficitur, odio ut accumsan condimentum, libero arcu mollis sapien, ultrices commodo purus neque non erat. Etiam eget enim arcu. Donec consequat tristique blandit. Aliquam ullamcorper, justo quis tempor bibendum, sapien augue volutpat urna, quis auctor metus tortor eget est.','will'),(2,'Lorem Hipsum','Your hella cool filler text',1445625614,'Bicycle rights roof party deep v, fixie XOXO hoodie 3 wolf moon farm-to-table ethical. Slow-carb small batch VHS beard ugh mustache disrupt 8-bit, gastropub next level narwhal. Pitchfork tote bag bitters try-hard, crucifix seitan ugh Kickstarter. Forage trust fund gluten-free jean shorts, stumptown church-key authentic lumbersexual paleo mixtape keffiyeh salvia taxidermy Shoreditch. Plaid tote bag fap, vegan Thundercats artisan skateboard beard viral raw denim. Migas cray keytar, messenger bag organic small batch twee YOLO fixie Godard direct trade kitsch Neutra. Migas retro crucifix keffiyeh.\n\nNext level Echo Park swag +1 disrupt. Shoreditch cold-pressed food truck, bicycle rights hoodie mixtape four dollar toast. Lo-fi shabby chic deep v, cronut 8-bit Blue Bottle XOXO tattooed chambray tilde flannel PBR tofu try-hard butcher. Chillwave craft beer Bushwick, Helvetica bespoke ugh Truffaut tote bag keytar leggings Intelligentsia fingerstache pickled polaroid. Gluten-free fixie organic Banksy, kitsch keytar cray direct trade cold-pressed cardigan photo booth Truffaut banjo. Tilde typewriter banjo, tote bag kale chips Portland asymmetrical Pinterest Odd Future Austin Wes Anderson. Post-ironic skateboard asymmetrical, selfies flexitarian banh mi roof party fap.\n\nSelfies retro 8-bit Pitchfork cronut. Art party disrupt aesthetic, Wes Anderson kogi bicycle rights food truck skateboard mustache Truffaut Intelligentsia. Direct trade Neutra hashtag, gastropub migas Truffaut artisan art party church-key lo-fi Schlitz forage before they sold out. Leggings letterpress art party Helvetica, crucifix stumptown small batch cold-pressed twee. Gluten-free forage slow-carb, keffiyeh health goth PBR&B twee. Polaroid fap blog, seitan pour-over scenester Bushwick vegan craft beer food truck fanny pack readymade authentic. XOXO skateboard banh mi readymade viral mumblecore, trust fund fanny pack single-origin coffee.\n\nTypewriter photo booth yr viral irony. Squid beard retro meh, 8-bit Williamsburg butcher church-key Wes Anderson before they sold out artisan. Carles actually yr wolf XOXO, chambray pickled typewriter. Semiotics you probably haven\'t heard of them master cleanse, tilde fixie trust fund American Apparel selfies. Typewriter paleo pop-up Godard try-hard, brunch American Apparel organic readymade four dollar toast polaroid skateboard 3 wolf moon. Blue Bottle Bushwick +1 shabby chic selfies, flannel mixtape Intelligentsia brunch heirloom chillwave roof party Carles four loko. Leggings mumblecore lumbersexual, direct trade cold-pressed yr iPhone pickled chambray polaroid fanny pack.','will'),(3,'ACM Weekly','Week of 10/19/2015',1445625795,'Hello, ACM! I hope you enjoyed your fall break. Now it’s time to get back to business. This is what we have planned for this week:\n\n**Monday: Digital CTF — 6:00 PM in Shelby 3129:** Auburn’s Digital Capture the Flag group will be holding a meeting in Shelby’s seminar room. They will be discussing to train for competitions, they will be discussing some topics included in the competitions, such as Reverse Engineering and Cryptography.\n\n**Tuesday: Tech Talk — 6:00 PM in Shelby 3129:** Matthew Rogers will be giving a talk on a project that he has been working on, Malfunction. Malfunction is a malware detection tool set written in python. It is a really cool project, and there will be a lot of cool topics covered, so come on and check it out. \n\n**Wednesday: Programming Practice — 6:00 PM in Shelby 3129:** We will be reviewing Union-Find and doing an introduction to some more advanced data structures, along with beginning some graph theory.\n\n**Thursday: Tea Time — 6:00 PM at Little Italy on Magnolia:** Come get some pizza with us at Little Italy on Thursday!\n\n**Sunday: Mock Programming Competition — 12:00 PM:** We will be holding a mock competition on Sunday. Once again, this will be a team-based mock, although the teams may be different from last time. Everyone is welcome, even if you have not participated before.\n\nThat’s all for this week! I hope to see you there.','will');
/*!40000 ALTER TABLE `blog_posts` ENABLE KEYS */;
UNLOCK TABLES;

--
-- Table structure for table `comp_names`
--

DROP TABLE IF EXISTS `comp_names`;
/*!40101 SET @saved_cs_client     = @@character_set_client */;
/*!40101 SET character_set_client = utf8 */;
CREATE TABLE `comp_names` (
  `cid` int(10) unsigned NOT NULL AUTO_INCREMENT,
  `name` varchar(32) NOT NULL,
  `start` int(10) unsigned NOT NULL,
  `stop` int(10) unsigned NOT NULL,
  `closed` int(1) NOT NULL,
  PRIMARY KEY (`cid`)
) ENGINE=InnoDB AUTO_INCREMENT=9 DEFAULT CHARSET=utf8;
/*!40101 SET character_set_client = @saved_cs_client */;

--
-- Dumping data for table `comp_names`
--

LOCK TABLES `comp_names` WRITE;
/*!40000 ALTER TABLE `comp_names` DISABLE KEYS */;
INSERT INTO `comp_names` VALUES (1,'Oct 11 Mock',1413050400,1413068400,0),(2,'Feb 14 Mock',1423930800,1423941600,0),(3,'Feb 21 Mock',1424534400,1424545200,0),(4,'Feb 28 Mock',1425139200,1425150000,0),(5,'March 7 Mock',1425744300,1425755100,0),(6,'March 14 Mock',1426345200,1426356000,0),(7,'April 1 Qual',1427929500,1427940300,0),(8,'April 4 Mock',1428159600,1428170400,0);
/*!40000 ALTER TABLE `comp_names` ENABLE KEYS */;
UNLOCK TABLES;

--
-- Table structure for table `comp_problems`
--

DROP TABLE IF EXISTS `comp_problems`;
/*!40101 SET @saved_cs_client     = @@character_set_client */;
/*!40101 SET character_set_client = utf8 */;
CREATE TABLE `comp_problems` (
  `label` varchar(2) NOT NULL,
  `cid` int(10) unsigned NOT NULL,
  `pid` int(32) DEFAULT NULL,
  `id` int(11) NOT NULL AUTO_INCREMENT,
  PRIMARY KEY (`id`),
  KEY `pid` (`pid`),
  CONSTRAINT `comp_problems_ibfk_1` FOREIGN KEY (`pid`) REFERENCES `problems` (`pid`)
) ENGINE=InnoDB AUTO_INCREMENT=68 DEFAULT CHARSET=utf8;
/*!40101 SET character_set_client = @saved_cs_client */;

--
-- Dumping data for table `comp_problems`
--

LOCK TABLES `comp_problems` WRITE;
/*!40000 ALTER TABLE `comp_problems` DISABLE KEYS */;
INSERT INTO `comp_problems` VALUES ('A',1,65,1),('B',1,49,2),('C',1,33,3),('D',1,37,4),('E',1,27,5),('F',1,11,6),('G',1,4,7),('H',1,55,8),('A',2,3,9),('B',2,30,10),('C',2,64,11),('D',2,42,12),('E',2,32,13),('F',2,60,14),('G',2,43,15),('H',2,7,16),('I',2,14,17),('A',3,23,18),('B',3,63,19),('C',3,57,20),('D',3,40,21),('E',3,10,22),('F',3,6,23),('G',3,61,24),('H',3,39,25),('I',3,8,26),('A',4,62,27),('B',4,19,28),('C',4,12,29),('D',4,1,30),('E',4,13,31),('F',4,47,32),('G',4,35,33),('H',4,5,34),('I',4,46,35),('A',5,21,36),('B',5,25,37),('C',5,41,38),('D',5,58,39),('E',5,16,40),('F',5,53,41),('G',5,54,42),('H',5,9,43),('A',6,34,44),('B',6,18,45),('C',6,28,46),('D',6,26,47),('E',6,67,48),('F',6,31,49),('G',6,45,50),('H',6,52,51),('I',6,66,52),('A',7,44,53),('B',7,36,54),('C',7,59,55),('D',7,15,56),('E',7,17,57),('F',7,20,58),('G',7,48,59),('A',8,68,60),('B',8,24,61),('C',8,22,62),('D',8,50,63),('E',8,2,64),('F',8,51,65),('G',8,29,66),('H',8,56,67);
/*!40000 ALTER TABLE `comp_problems` ENABLE KEYS */;
UNLOCK TABLES;

--
-- Table structure for table `comp_users`
--

DROP TABLE IF EXISTS `comp_users`;
/*!40101 SET @saved_cs_client     = @@character_set_client */;
/*!40101 SET character_set_client = utf8 */;
CREATE TABLE `comp_users` (
  `cid` int(10) unsigned NOT NULL,
  `username` varchar(32) NOT NULL,
  `team` varchar(32) NOT NULL,
  `id` int(11) NOT NULL AUTO_INCREMENT,
  PRIMARY KEY (`id`)
) ENGINE=InnoDB AUTO_INCREMENT=91 DEFAULT CHARSET=utf8;
/*!40101 SET character_set_client = @saved_cs_client */;

--
-- Dumping data for table `comp_users`
--

LOCK TABLES `comp_users` WRITE;
/*!40000 ALTER TABLE `comp_users` DISABLE KEYS */;
INSERT INTO `comp_users` VALUES (1,'brian','Broverbey',1),(1,'will','Broverbey',2),(1,'dave','Broverbey',3),(1,'sam','Clueless',4),(1,'mitchp','Camp Sunshine',5),(1,'jacob','Camp Sunshine',6),(1,'justinm','Camp Sunshine',7),(1,'drew','Put Me In Coach',8),(1,'quinn','Put Me In Coach',9),(1,'kaitlync','Clueless',10),(1,'chrisb','Clueless',11),(1,'brandonm','Put Me In Coach',12),(2,'brian','Brian DeLoach',13),(2,'will','William Hester',14),(2,'mitchp','Mitch Price',15),(2,'dillon','Dillon Reedy',16),(2,'john_mac','John Harrison',17),(2,'drew','Drew Hoover',18),(2,'quinn','Quinn Pommerening',19),(2,'justinm','Justin A Middleton',20),(2,'jacob','Jacob Scott',21),(2,'remydf','Remy De Fru',22),(2,'waynenolen','Wayne Nolen',23),(2,'merediths','Meredith Singletary',24),(2,'caioalves','Caio Alves',25),(2,'jeffw','Jeff Wang',26),(2,'jeromys','Jeromy Swann',27),(3,'brian','Brian DeLoach',28),(3,'will','William Hester',29),(3,'remydf','Remy De Fru',30),(3,'dave','Dave Shuckerow',31),(3,'dillon','Dillon Reedy',32),(3,'drew','Drew Hoover',33),(3,'john_mac','John Harrison',34),(3,'mitchp','Mitch Price',35),(3,'waynenolen','Wayne Nolen',36),(3,'jeromys','Jeromy Swann',37),(4,'brian','Brian DeLoach',38),(4,'remydf','Remy De Fru',39),(4,'waynenolen','Wayne Nolen',40),(4,'brandonm','Brandon Morris',41),(4,'mitchp','Mitch Price',42),(4,'quinn','Quinn Pommerening',43),(4,'caioalves','Caio Alves',44),(4,'jeromys','Jeromy Swann',45),(4,'carlosdrury','Carlos Drury',46),(4,'justinm','Justin A Middleton',47),(4,'john_mac','John Harrison',48),(4,'drew','Drew Hoover',49),(4,'will','William Hester',50),(4,'willa','John William O&#39;Rourke',51),(2,'willa','John William O&#39;Rourke',52),(2,'dave','Dave Shuckerow',53),(5,'brian','Team Awesome',54),(5,'jeromys','Sudo Wrestlers',55),(5,'mitchp','Sudo Wrestlers',56),(5,'merediths','Sudo Wrestlers',57),(5,'will','Team Awesome',58),(5,'remydf','AU Brazil',59),(5,'caioalves','AU Brazil',60),(5,'carlosdrury','AU Brazil',61),(5,'dave','The 3 Best Friends ThatAnybodyEv',62),(5,'willa','Three Will Three Way',63),(5,'quinn','The 3 Best Friends ThatAnybodyEv',64),(5,'john_mac','Three Will Three Way',65),(5,'waynenolen','The 3 Best Friends ThatAnybodyEv',66),(5,'dillon','Three Will Three Way',67),(6,'brian','Brian DeLoach',68),(6,'will','William Hester',69),(6,'mitchp','MItch Banana Skwirrel',70),(6,'remydf','Remy De Fru',71),(6,'jeromys','Jeromy Swann',72),(6,'dave','David Shuckerow (late)',73),(7,'brian','Brian DeLoach',74),(7,'will','William Hester',75),(7,'mitchp','Mitch Price',76),(7,'merediths','Meredith Singletary',77),(7,'drew','Drew Hoover',78),(7,'lucyr','Lucy Reynolds',79),(7,'jacob','Jacob Scott',80),(7,'remydf','Remy De Fru',81),(7,'john_mac','John Harrison',82),(7,'caioalves','Caio Alves',83),(7,'dave','Dave Shuckerow',84),(7,'dillon','Reedy Dillon ',85),(7,'justinm','Justin A Middleton',86),(7,'brandonm','Brandon Morris',87),(7,'carlosdrury','Carlos Drury',88),(7,'willa','John William O&#39;Rourke',89),(8,'brian','Brian DeLoach',90);
/*!40000 ALTER TABLE `comp_users` ENABLE KEYS */;
UNLOCK TABLES;

--
-- Table structure for table `problem_data`
--

DROP TABLE IF EXISTS `problem_data`;
/*!40101 SET @saved_cs_client     = @@character_set_client */;
/*!40101 SET character_set_client = utf8 */;
CREATE TABLE `problem_data` (
  `pid` int(32) NOT NULL DEFAULT '0',
  `time_limit` int(11) DEFAULT NULL,
  `description` text,
  `input_desc` text,
  `output_desc` text,
  PRIMARY KEY (`pid`),
  CONSTRAINT `problem_data_ibfk_1` FOREIGN KEY (`pid`) REFERENCES `problems` (`pid`)
) ENGINE=InnoDB DEFAULT CHARSET=utf8;
/*!40101 SET character_set_client = @saved_cs_client */;

--
-- Dumping data for table `problem_data`
--

LOCK TABLES `problem_data` WRITE;
/*!40000 ALTER TABLE `problem_data` DISABLE KEYS */;
INSERT INTO `problem_data` VALUES (1,90,'This problem is based on the game of Black Vienna. In this version there are three players and 18 cards labeled A-R. Three of the cards\r\nare set aside (hidden) and form the \"Black Vienna\" gang. The remaining cards are shuffled and dealt to the players so that each player has\r\n5 cards. Players never reveal their cards to each other. There is a separate deck of \"interrogation cards\" which contain three distinct\r\nletters in ascending order, like ACG or BHR. Turns rotate through players 1, 2, and 3. On each player\'s turn, that player selects an\r\ninterrogation card, puts it face up in front of another player, and that other player must indicate the total number of these cards being\r\nheld, without saying which ones. All players see the result of the \"interrogation\". The play continues until a player deduces the three\r\ncards in the \"gang\".','null','null'),(2,90,NULL,NULL,NULL),(3,90,NULL,NULL,NULL),(4,90,NULL,NULL,NULL),(5,90,NULL,NULL,NULL),(6,90,NULL,NULL,NULL),(7,90,NULL,NULL,NULL),(8,90,NULL,NULL,NULL),(9,90,NULL,NULL,NULL),(10,90,NULL,NULL,NULL),(11,90,NULL,NULL,NULL),(12,90,NULL,NULL,NULL),(13,90,NULL,NULL,NULL),(14,90,NULL,NULL,NULL),(15,90,NULL,NULL,NULL),(16,90,NULL,NULL,NULL),(17,90,NULL,NULL,NULL),(18,90,NULL,NULL,NULL),(19,90,NULL,NULL,NULL),(20,90,NULL,NULL,NULL),(21,90,NULL,NULL,NULL),(22,90,NULL,NULL,NULL),(23,90,NULL,NULL,NULL),(24,90,NULL,NULL,NULL),(25,90,NULL,NULL,NULL),(26,90,NULL,NULL,NULL),(27,90,NULL,NULL,NULL),(28,90,NULL,NULL,NULL),(29,90,NULL,NULL,NULL),(30,90,NULL,NULL,NULL),(31,90,NULL,NULL,NULL),(32,90,NULL,NULL,NULL),(33,90,NULL,NULL,NULL),(34,90,NULL,NULL,NULL),(35,90,NULL,NULL,NULL),(36,90,NULL,NULL,NULL),(37,90,NULL,NULL,NULL),(39,90,NULL,NULL,NULL),(40,90,NULL,NULL,NULL),(41,90,NULL,NULL,NULL),(42,90,NULL,NULL,NULL),(43,90,NULL,NULL,NULL),(44,90,NULL,NULL,NULL),(45,90,NULL,NULL,NULL),(46,90,NULL,NULL,NULL),(47,90,NULL,NULL,NULL),(48,90,NULL,NULL,NULL),(49,90,NULL,NULL,NULL),(50,90,NULL,NULL,NULL),(51,90,NULL,NULL,NULL),(52,90,NULL,NULL,NULL),(53,90,NULL,NULL,NULL),(54,90,NULL,NULL,NULL),(55,90,NULL,NULL,NULL),(56,90,NULL,NULL,NULL),(57,90,NULL,NULL,NULL),(58,90,NULL,NULL,NULL),(59,90,NULL,NULL,NULL),(60,90,NULL,NULL,NULL),(61,90,NULL,NULL,NULL),(62,90,NULL,NULL,NULL),(63,90,NULL,NULL,NULL),(64,90,NULL,NULL,NULL),(65,90,NULL,NULL,NULL),(66,90,NULL,NULL,NULL),(67,90,NULL,NULL,NULL),(68,90,'A bit string has odd parity if the number of 1\'s is odd. A bit string has even parity if the number of 1\'s is even. Zero is considered to be an even number, so a bit string with no 1\'s has even parity. Note that the number of 0\'s does not affect the parity of a bit string.','The input consists of one or more strings, each on a line by itself, followed by a line containing only \"#\" that signals the end of the input. Each string contains 1–31 bits followed by either a lowercase letter \'e\' or a lowercase letter \'o\'.','Each line of output must look just like the corresponding line of input, except that the letter at the end is replaced by the correct bit so that the entire bit string has even parity (if the letter was \'e\') or odd parity (if the letter was \'o\').');
/*!40000 ALTER TABLE `problem_data` ENABLE KEYS */;
UNLOCK TABLES;

--
-- Table structure for table `problem_solved`
--

DROP TABLE IF EXISTS `problem_solved`;
/*!40101 SET @saved_cs_client     = @@character_set_client */;
/*!40101 SET character_set_client = utf8 */;
CREATE TABLE `problem_solved` (
  `username` varchar(32) NOT NULL DEFAULT '',
  `pid` int(11) NOT NULL DEFAULT '0',
  `submit_time` int(11) unsigned NOT NULL DEFAULT '0',
  PRIMARY KEY (`username`,`pid`)
) ENGINE=InnoDB DEFAULT CHARSET=utf8;
/*!40101 SET character_set_client = @saved_cs_client */;

--
-- Dumping data for table `problem_solved`
--

LOCK TABLES `problem_solved` WRITE;
/*!40000 ALTER TABLE `problem_solved` DISABLE KEYS */;
INSERT INTO `problem_solved` VALUES ('alexeipillen',55,1423891027),('brandonm',3,1424036505),('brandonm',4,1423353862),('brandonm',7,1424998202),('brandonm',11,1413052967),('brandonm',12,1425145917),('brandonm',13,1425140418),('brandonm',16,1425749353),('brandonm',18,1426721126),('brandonm',19,1425139867),('brandonm',21,1425910618),('brandonm',23,1425903702),('brandonm',30,1424030657),('brandonm',32,1424024466),('brandonm',33,1413056553),('brandonm',36,1427935988),('brandonm',40,1425933651),('brandonm',41,1425748409),('brandonm',42,1424434992),('brandonm',44,1427929825),('brandonm',45,1426378117),('brandonm',47,1425140998),('brandonm',48,1427937959),('brandonm',49,1413822046),('brandonm',54,1426079473),('brandonm',55,1413055657),('brandonm',57,1425740980),('brandonm',59,1427933836),('brandonm',63,1425905181),('brandonm',64,1424023248),('brian',3,1423934726),('brian',4,1424480873),('brian',7,1423941480),('brian',9,1425752550),('brian',11,1413052909),('brian',12,1425143735),('brian',13,1425139516),('brian',16,1425745132),('brian',17,1427935616),('brian',18,1426347397),('brian',19,1425139750),('brian',21,1425746909),('brian',23,1424536347),('brian',28,1426629178),('brian',30,1423932981),('brian',31,1426742998),('brian',32,1423932543),('brian',33,1423680815),('brian',34,1426352942),('brian',36,1427932198),('brian',40,1424629825),('brian',41,1425744802),('brian',42,1423937957),('brian',44,1427929786),('brian',45,1426345691),('brian',46,1425149592),('brian',47,1425140147),('brian',48,1427930269),('brian',49,1413086877),('brian',54,1425753857),('brian',55,1423611203),('brian',57,1424540980),('brian',58,1426289002),('brian',59,1427931237),('brian',63,1424556552),('brian',64,1423931625),('brian',67,1426355778),('caioalves',3,1423936122),('caioalves',7,1424924353),('caioalves',13,1425141885),('caioalves',16,1425745240),('caioalves',19,1425140415),('caioalves',21,1425747310),('caioalves',30,1423936538),('caioalves',32,1423933276),('caioalves',33,1423700370),('caioalves',36,1427938779),('caioalves',41,1425744956),('caioalves',42,1424153632),('caioalves',44,1427930698),('caioalves',47,1425142915),('caioalves',48,1427931987),('caioalves',59,1427933652),('caioalves',64,1423930718),('carlosdrury',13,1425142296),('carlosdrury',19,1425140419),('carlosdrury',44,1427931544),('carlosdrury',47,1425143037),('carlosdrury',59,1427937251),('carlosdrury',64,1424320399),('chrisb',11,1413783762),('chrisb',33,1413783732),('chrisb',49,1413783785),('dave',3,1423932968),('dave',4,1413061310),('dave',7,1423936000),('dave',9,1425748033),('dave',10,1424568543),('dave',11,1422386177),('dave',14,1423937031),('dave',16,1425744725),('dave',17,1427935044),('dave',18,1426350465),('dave',20,1427933960),('dave',21,1425747071),('dave',23,1424535417),('dave',30,1423933322),('dave',32,1423932165),('dave',33,1413053492),('dave',34,1426355297),('dave',36,1427932314),('dave',39,1424575309),('dave',40,1424565866),('dave',41,1425746835),('dave',42,1423939490),('dave',44,1427930377),('dave',45,1426347029),('dave',48,1427930623),('dave',49,1422384564),('dave',54,1425750869),('dave',55,1422382041),('dave',57,1424538279),('dave',59,1427931505),('dave',61,1424580703),('dave',63,1424535938),('dave',64,1423931724),('dave',66,1426351594),('dave',67,1426352850),('dillon',3,1423937597),('dillon',4,1423768447),('dillon',7,1424102057),('dillon',9,1425914627),('dillon',11,1422487703),('dillon',12,1425787396),('dillon',13,1425512389),('dillon',14,1425962395),('dillon',16,1425782638),('dillon',17,1427939136),('dillon',19,1425779173),('dillon',21,1425778938),('dillon',23,1425779980),('dillon',30,1423938998),('dillon',32,1423937207),('dillon',33,1422493676),('dillon',36,1427933240),('dillon',40,1425789732),('dillon',41,1425781572),('dillon',42,1424384976),('dillon',44,1427930055),('dillon',47,1425511602),('dillon',48,1427930892),('dillon',49,1423193676),('dillon',54,1425920709),('dillon',55,1422582533),('dillon',57,1425785716),('dillon',59,1427931959),('dillon',63,1425783711),('dillon',64,1423931617),('drew',7,1425005759),('drew',11,1413084929),('drew',12,1425147599),('drew',13,1425140080),('drew',18,1426818497),('drew',19,1425139524),('drew',23,1424536142),('drew',30,1423933703),('drew',32,1423932577),('drew',33,1413084918),('drew',36,1427935389),('drew',40,1424657488),('drew',42,1424029792),('drew',44,1427930305),('drew',45,1427475726),('drew',46,1425180768),('drew',47,1425140662),('drew',48,1427934146),('drew',49,1424661225),('drew',55,1413084941),('drew',57,1424553066),('drew',59,1427933468),('drew',63,1424535584),('drew',64,1423931705),('jacob',11,1413052845),('jacob',13,1425178390),('jacob',19,1425169535),('jacob',23,1425180707),('jacob',32,1423940501),('jacob',33,1413051368),('jacob',44,1427931040),('jacob',47,1425171897),('jacob',49,1413057404),('jacob',55,1413057072),('jacob',64,1423932354),('jeffw',3,1426997242),('jeffw',13,1427090012),('jeffw',19,1427474135),('jeffw',23,1427683592),('jeffw',30,1425594985),('jeffw',32,1424117684),('jeffw',33,1424294807),('jeffw',41,1427781522),('jeffw',45,1427084686),('jeffw',47,1427578376),('jeffw',49,1426709641),('jeffw',55,1426823292),('jeffw',64,1423937810),('jeromys',3,1423937430),('jeromys',7,1425345961),('jeromys',11,1413308866),('jeromys',13,1425140880),('jeromys',16,1425745081),('jeromys',18,1426349020),('jeromys',19,1425140057),('jeromys',21,1425750966),('jeromys',23,1424539559),('jeromys',30,1423936506),('jeromys',32,1423935632),('jeromys',33,1413252036),('jeromys',41,1425744806),('jeromys',45,1426346925),('jeromys',47,1425141415),('jeromys',54,1425754076),('jeromys',55,1413247541),('jeromys',57,1425524189),('jeromys',63,1424545041),('jeromys',64,1423934329),('jeromys',67,1426352851),('john_mac',3,1423939275),('john_mac',13,1425141852),('john_mac',18,1428007281),('john_mac',19,1425139954),('john_mac',23,1424536008),('john_mac',30,1424134293),('john_mac',32,1424045840),('john_mac',33,1423453102),('john_mac',36,1427937883),('john_mac',40,1424559988),('john_mac',44,1427930604),('john_mac',47,1425143052),('john_mac',48,1427932736),('john_mac',59,1427935288),('john_mac',63,1424538414),('john_mac',64,1423937742),('justinm',3,1423934018),('justinm',4,1418928330),('justinm',7,1423937376),('justinm',11,1418663404),('justinm',12,1425145436),('justinm',13,1425139856),('justinm',17,1427934353),('justinm',19,1425139576),('justinm',23,1424820309),('justinm',30,1423932008),('justinm',32,1423932641),('justinm',33,1418662529),('justinm',36,1427930872),('justinm',42,1423941934),('justinm',44,1427929819),('justinm',47,1425140271),('justinm',48,1427931789),('justinm',49,1418613779),('justinm',55,1418611387),('justinm',57,1424914491),('justinm',59,1427932384),('justinm',64,1423931399),('kaitlync',11,1422544112),('kaitlync',33,1422546389),('lucyr',16,1427658134),('lucyr',18,1426901326),('lucyr',19,1425534555),('lucyr',36,1427934774),('lucyr',41,1427654897),('lucyr',44,1427930127),('lucyr',47,1426118302),('lucyr',48,1427931362),('lucyr',59,1427932564),('lucyr',64,1425441764),('merediths',3,1423937203),('merediths',11,1413492214),('merediths',17,1427939369),('merediths',30,1423932056),('merediths',32,1423934022),('merediths',33,1413512550),('merediths',36,1427936005),('merediths',44,1427930115),('merediths',48,1427932667),('merediths',59,1427931268),('merediths',64,1423933123),('mitchj',57,1425517402),('mitchp',3,1423932193),('mitchp',4,1418027539),('mitchp',5,1425149102),('mitchp',7,1424809120),('mitchp',10,1424569096),('mitchp',11,1413084855),('mitchp',12,1425142012),('mitchp',13,1425139793),('mitchp',14,1424811324),('mitchp',16,1425767183),('mitchp',17,1427934193),('mitchp',18,1426348980),('mitchp',19,1425139558),('mitchp',20,1427936957),('mitchp',21,1425768283),('mitchp',23,1424534989),('mitchp',27,1414278589),('mitchp',28,1426700670),('mitchp',30,1423932492),('mitchp',31,1426707222),('mitchp',32,1423932907),('mitchp',33,1413082104),('mitchp',34,1426351468),('mitchp',36,1427932726),('mitchp',39,1424572299),('mitchp',40,1424566299),('mitchp',41,1425766866),('mitchp',42,1423939452),('mitchp',44,1427929716),('mitchp',45,1426346259),('mitchp',46,1425145504),('mitchp',47,1425140175),('mitchp',48,1427930753),('mitchp',49,1413082054),('mitchp',54,1425775188),('mitchp',55,1413086208),('mitchp',57,1424542647),('mitchp',59,1427930414),('mitchp',61,1424582057),('mitchp',63,1424534711),('mitchp',64,1423931391),('mitchp',66,1426354712),('mitchp',67,1426347804),('quinn',11,1413075034),('quinn',19,1425144086),('quinn',30,1423953823),('quinn',32,1423940839),('quinn',33,1413075015),('quinn',55,1413074994),('quinn',64,1423934462),('remydf',3,1423931886),('remydf',7,1423937822),('remydf',11,1421905032),('remydf',12,1425141954),('remydf',13,1425139771),('remydf',14,1423935016),('remydf',16,1425764834),('remydf',17,1427933604),('remydf',18,1426349132),('remydf',19,1425139436),('remydf',20,1427937095),('remydf',21,1425767009),('remydf',23,1424535375),('remydf',30,1423932150),('remydf',32,1423932875),('remydf',33,1421904063),('remydf',34,1426354161),('remydf',36,1427931597),('remydf',40,1424825988),('remydf',41,1425764509),('remydf',42,1423940472),('remydf',44,1427929825),('remydf',45,1426345977),('remydf',46,1425146237),('remydf',47,1425140348),('remydf',48,1427930155),('remydf',49,1421986464),('remydf',55,1421984160),('remydf',57,1424540444),('remydf',59,1427930804),('remydf',63,1424536212),('remydf',64,1423931126),('remydf',66,1426364775),('remydf',67,1426355620),('sam',11,1413055035),('sam',33,1413055693),('sam',49,1413056688),('sam',64,1424050199),('waynenolen',13,1425145044),('waynenolen',19,1425143613),('waynenolen',23,1424540972),('waynenolen',30,1423938052),('waynenolen',32,1423936199),('waynenolen',40,1424582796),('waynenolen',47,1425145935),('waynenolen',63,1424540075),('waynenolen',64,1423932411),('will',3,1423934824),('will',5,1425322333),('will',7,1425350994),('will',12,1425147757),('will',13,1425139847),('will',17,1427935427),('will',18,1426349168),('will',19,1425140115),('will',23,1424536406),('will',30,1423935400),('will',32,1423932390),('will',36,1427932858),('will',44,1427929790),('will',45,1426347308),('will',47,1425140614),('will',48,1427931950),('will',49,1413051986),('will',55,1413054233),('will',57,1425421857),('will',59,1427931401),('will',63,1424544997),('will',64,1423931625),('will',67,1426351962),('willa',3,1423936086),('willa',4,1418928091),('willa',11,1413845955),('willa',12,1425146130),('willa',13,1425140440),('willa',14,1424748994),('willa',16,1425745152),('willa',17,1427982734),('willa',18,1426724812),('willa',19,1425139939),('willa',23,1426220365),('willa',30,1423931730),('willa',32,1423933075),('willa',33,1414031774),('willa',36,1427933593),('willa',40,1424799702),('willa',41,1425744712),('willa',42,1424579604),('willa',44,1427929851),('willa',45,1426351778),('willa',47,1425141317),('willa',48,1427930934),('willa',49,1415739818),('willa',55,1413912814),('willa',57,1424811242),('willa',59,1427932022),('willa',63,1424800909),('willa',64,1423932253);
/*!40000 ALTER TABLE `problem_solved` ENABLE KEYS */;
UNLOCK TABLES;

--
-- Table structure for table `problems`
--

DROP TABLE IF EXISTS `problems`;
/*!40101 SET @saved_cs_client     = @@character_set_client */;
/*!40101 SET character_set_client = utf8 */;
CREATE TABLE `problems` (
  `pid` int(32) NOT NULL AUTO_INCREMENT,
  `shortname` varchar(32) NOT NULL DEFAULT '',
  `name` varchar(128) NOT NULL,
  `appeared` varchar(128) NOT NULL,
  `difficulty` varchar(8) NOT NULL,
  `added` int(10) unsigned NOT NULL,
  `comp_release` int(10) unsigned DEFAULT NULL,
  PRIMARY KEY (`pid`),
  KEY `comp_release` (`comp_release`),
  CONSTRAINT `problems_ibfk_1` FOREIGN KEY (`comp_release`) REFERENCES `comp_names` (`cid`)
) ENGINE=InnoDB AUTO_INCREMENT=69 DEFAULT CHARSET=utf8;
/*!40101 SET character_set_client = @saved_cs_client */;

--
-- Dumping data for table `problems`
--

LOCK TABLES `problems` WRITE;
/*!40000 ALTER TABLE `problems` DISABLE KEYS */;
INSERT INTO `problems` VALUES (1,'blackvienna','Black Vienna','2009 Mid-Central','100',1425098610,4),(2,'bulletinboard','Bulletin Board','','',1428127324,8),(3,'calculation','Judges\' Time Calculation','2010 Mid-Central','18',1423893127,2),(4,'cashcow','Cash Cow','2013 Mid-Central','78',1413007692,1),(5,'celltowers','Cell Towers','2009 Mid-Central','86',1425098610,4),(6,'chomp','Chomp','2013 Greater NY','73',1424491042,3),(7,'compression','Image Compression','2010 Mid-Central','75',1423893123,2),(8,'contraband','Contraband','2013 Greater NY','88',1424491042,3),(9,'crashgo','Crash and Go(relians)','2011 Mid-Central','65',1425705642,5),(10,'deranged','Deranged Exams','2013 Greater NY','59',1424491042,3),(11,'digitsum','Digit Sum','2013 Mid-Central','28',1413007683,1),(12,'dull','DuLL','2009 Mid-Central','46',1425098610,4),(13,'duplicate','Duplicate Removal','2009 Mid-Central','6',1425098610,4),(14,'egyptian','Egyptian Fractions','2010 Mid-Central','83',1423893127,2),(15,'fallingice','Falling Ice','2006 Mid-Central','99',1427909367,7),(16,'fridgemagnets','Refrigerator Magnets','2011 Mid-Central','6',1425705642,5),(17,'frugalsearch','Frugal Search','2006 Mid-Central','57',1427909367,7),(18,'fun','Fun House','2014 Mid-Central','34',1426310855,6),(19,'gnome','Gnome Sequencing','2009 Mid-Central','4',1425098610,4),(20,'gorelians','Go Go Gorelians','2006 Mid-Central','83',1427909367,7),(21,'gradeschool','Grade School Multiplication','2011 Mid-Central','44',1425705642,5),(22,'hextile','Hex Tile Equations','','',1428127324,8),(23,'islands','Islands in the Data Stream ','2013 Greater NY','6',1424491042,3),(24,'lampyridae','Lampyridae Teleportae','','',1428127324,8),(25,'lasertag','Laser Tag','2011 Mid-Central','100',1425705642,5),(26,'leprechaun','The Leprechaun Hunt','2014 Mid-Central','100',1426310855,6),(27,'lettercubes','Letter Cubes','2013 Mid-Central','96',1413007659,1),(28,'lexicography','Lexicography','2014 Mid-Central','82',1426310855,6),(29,'linecirclemaze','Line & Circle Maze','','',1428127324,8),(30,'madscientist','Mad Scientist','2010 Mid-Central','13',1423893127,2),(31,'mazemakers','The Maze Makers','2014 Mid-Central','89',1426310855,6),(32,'mirror','Mirror, Mirror on the Wall','2010 Mid-Central','5',1423893120,2),(33,'missingpages','Missing Pages','2013 Mid-Central','9',1413007633,1),(34,'multiplication','(More) Multiplication','2014 Mid-Central','67',1426310855,6),(35,'numerals','A to Z Numerals','2009 Mid-Central','100',1425098610,4),(36,'pachinko','Linear Pachinko','2006 Mid-Central','25',1427909367,7),(37,'paradox','Probability Paradox','2013 Mid-Central','99',1413007650,1),(39,'pascalpowers','Powers of Pascal','2013 Greater NY','65',1424491042,3),(40,'pisano','Pisano Periods','2013 Greater NY','53',1424491042,3),(41,'pizzapricing','Pizza Pricing','2011 Mid-Central','6',1425705642,5),(42,'queencollision','Queen Collision','2010 Mid-Central','80',1423893127,2),(43,'quicksearch','Quick Search','2010 Mid-Central','96',1423893127,2),(44,'quicksum','Quicksum','2006 Mid-Central','4',1427909367,7),(45,'reverserot','Reverse Rot','2014 Mid-Central','5',1426310855,6),(46,'ripoff','RIPOFF','2009 Mid-Central','86',1425098610,4),(47,'rockpaper','Rock, Paper, Scissors','2009 Mid-Central','5',1425098610,4),(48,'rootproblem','Root of the Problem','2006 Mid-Central','13',1427909367,7),(49,'roundrobin','Round Robin','2013 Mid-Central','40',1413007622,1),(50,'sanmotchi','The Bridges of San Motchi','','',1428127324,8),(51,'serialnumbers','Serial Numbers','','',1428127324,8),(52,'shrine','Shrine Maintenance','2014 Mid-Central','97',1426310855,6),(53,'shutbox','Shut the Box','2011 Mid-Central','98',1425705642,5),(54,'sokoban','Sokoban','2011 Mid-Central','60',1425705642,5),(55,'sortme','Sort Me','2013 Mid-Central','46',1413007714,1),(56,'steganography','Steganography','','',1428127324,8),(57,'strahler','Strahler Order','2013 Greater NY','35',1424491042,3),(58,'sudominoku','Su-domino-ku','2011 Mid-Central','98',1425705642,5),(59,'surprisingstrings','Surprising Strings','2006 Mid-Central','26',1427909367,7),(60,'topthis','Top This','2010 Mid-Central','98',1423893127,2),(61,'trianglecount','Triangle Count Sequences of Polygon Triangulations','2013 Greater NY','67',1424491042,3),(62,'updown','Up and Down','2009 Mid-Central','99',1425098610,4),(63,'vonneumann','Von Neumann\'s Fly','2013 Greater NY','6',1424491042,3),(64,'voting','Voting','2010 Mid-Central','4',1423893127,2),(65,'welcomeparty','Welcome Party','2013 Mid-Central','92',1413005101,1),(66,'wettiles','Wet Tiles','2014 Mid-Central','78',1426310855,6),(67,'wordcloud','Word Cloud','2014 Mid-Central','59',1426310855,6),(68,'parity','Parity','2008 Mid Central','0',1447711115,NULL);
/*!40000 ALTER TABLE `problems` ENABLE KEYS */;
UNLOCK TABLES;

--
-- Table structure for table `sample_cases`
--

DROP TABLE IF EXISTS `sample_cases`;
/*!40101 SET @saved_cs_client     = @@character_set_client */;
/*!40101 SET character_set_client = utf8 */;
CREATE TABLE `sample_cases` (
  `pid` int(32) NOT NULL DEFAULT '0',
  `case_num` int(11) NOT NULL DEFAULT '0',
  `input` text,
  `output` text,
  PRIMARY KEY (`pid`,`case_num`),
  CONSTRAINT `sample_cases_ibfk_1` FOREIGN KEY (`pid`) REFERENCES `problems` (`pid`)
) ENGINE=InnoDB DEFAULT CHARSET=utf8;
/*!40101 SET character_set_client = @saved_cs_client */;

--
-- Dumping data for table `sample_cases`
--

LOCK TABLES `sample_cases` WRITE;
/*!40000 ALTER TABLE `sample_cases` DISABLE KEYS */;
INSERT INTO `sample_cases` VALUES (68,1,'101e\n010010o\n1e\n000e\n110100101o\n#','1010\n0100101\n11\n0000\n1101001010');
/*!40000 ALTER TABLE `sample_cases` ENABLE KEYS */;
UNLOCK TABLES;

--
-- Table structure for table `submits`
--

DROP TABLE IF EXISTS `submits`;
/*!40101 SET @saved_cs_client     = @@character_set_client */;
/*!40101 SET character_set_client = utf8 */;
CREATE TABLE `submits` (
  `job` int(10) unsigned NOT NULL AUTO_INCREMENT,
  `pid` int(32) DEFAULT NULL,
  `username` varchar(32) NOT NULL,
  `shortname` varchar(32) DEFAULT NULL,
  `submit_time` int(11) unsigned NOT NULL,
  `auto_id` tinyint(1) NOT NULL,
  `file_type` varchar(4) NOT NULL,
  `result` varchar(8) DEFAULT NULL,
  PRIMARY KEY (`job`)
) ENGINE=InnoDB AUTO_INCREMENT=2347 DEFAULT CHARSET=utf8;
/*!40101 SET character_set_client = @saved_cs_client */;

--
-- Dumping data for table `submits`
--

LOCK TABLES `submits` WRITE;
/*!40000 ALTER TABLE `submits` DISABLE KEYS */;
INSERT INTO `submits` VALUES (577,33,'jacob','missingpages',1413051368,0,'java','good'),(578,49,'will','roundrobin',1413051986,0,'py','good'),(579,11,'jacob','digitsum',1413052845,0,'java','good'),(580,11,'brian','digitsum',1413052909,0,'java','good'),(581,11,'brandonm','digitsum',1413052967,0,'java','good'),(582,33,'dave','missingpages',1413053492,0,'py','good'),(583,55,'will','sortme',1413054233,0,'java','good'),(584,11,'sam','digitsum',1413054636,0,'java','wrong'),(585,11,'sam','digitsum',1413055035,0,'java','good'),(586,55,'brandonm','sortme',1413055657,0,'java','good'),(587,33,'sam','missingpages',1413055693,0,'java','good'),(588,49,'sam','roundrobin',1413056403,0,'java','runtime'),(589,33,'brandonm','missingpages',1413056553,0,'java','good'),(590,49,'sam','roundrobin',1413056688,0,'java','good'),(591,55,'jacob','sortme',1413057072,0,'java','good'),(592,49,'jacob','roundrobin',1413057404,0,'java','good'),(593,65,'jacob','welcomeparty',1413060245,0,'java','wrong'),(594,4,'dave','cashcow',1413060461,0,'py','wrong'),(595,4,'dave','cashcow',1413061310,0,'py','good'),(596,55,'sam','sortme',1413062551,0,'java','wrong'),(597,49,'brandonm','roundrobin',1413066760,0,'java','wrong'),(598,49,'brandonm','roundrobin',1413067209,0,'java','wrong'),(599,65,'dave','welcomeparty',1413067969,0,'py','wrong'),(600,55,'sam','sortme',1413068003,0,'java','wrong'),(601,4,'jacob','cashcow',1413068368,0,'java','wrong'),(602,55,'quinn','sortme',1413074994,0,'java','good'),(603,33,'quinn','missingpages',1413075015,0,'java','good'),(604,11,'quinn','digitsum',1413075034,0,'java','good'),(606,49,'mitchp','roundrobin',1413082054,0,'java','good'),(607,33,'mitchp','missingpages',1413082104,0,'java','good'),(608,11,'mitchp','digitsum',1413082140,0,'java','runtime'),(609,11,'mitchp','digitsum',1413084126,0,'java','wrong'),(610,11,'mitchp','digitsum',1413084855,0,'java','good'),(611,33,'drew','missingpages',1413084918,0,'java','good'),(612,11,'drew','digitsum',1413084929,0,'java','good'),(613,55,'drew','sortme',1413084941,0,'java','good'),(614,55,'mitchp','sortme',1413086208,0,'java','good'),(615,49,'brian','roundrobin',1413086877,0,'java','good'),(616,65,'dave','welcomeparty',1413091177,0,'py','timeout'),(617,65,'dave','welcomeparty',1413091198,0,'py','timeout'),(644,55,'jeromys','sortme',1413247019,0,'java','wrong'),(645,55,'jeromys','sortme',1413247541,0,'java','good'),(646,33,'jeromys','missingpages',1413251939,0,'java','runtime'),(647,33,'jeromys','missingpages',1413252036,0,'java','good'),(650,11,'jeromys','digitsum',1413308866,0,'java','good'),(657,11,'merediths','digitsum',1413492214,0,'java','good'),(658,33,'merediths','missingpages',1413512550,0,'java','good'),(662,33,'chrisb','missingpages',1413783732,0,'java','good'),(663,11,'chrisb','digitsum',1413783762,0,'java','good'),(664,49,'chrisb','roundrobin',1413783785,0,'java','good'),(665,49,'brandonm','roundrobin',1413822046,0,'java','good'),(667,11,'willa','digitsum',1413845955,0,'py','good'),(677,55,'willa','sortme',1413909092,0,'py','runtime'),(678,55,'willa','sortme',1413909119,0,'py','runtime'),(679,55,'willa','sortme',1413909590,0,'py','runtime'),(682,55,'willa','sortme',1413912692,0,'py','runtime'),(683,55,'willa','sortme',1413912814,0,'py','good'),(696,33,'willa','missingpages',1414031774,0,'py','good'),(703,27,'mitchp','lettercubes',1414278334,0,'java','wrong'),(704,27,'mitchp','lettercubes',1414278589,0,'java','good'),(745,49,'willa','roundrobin',1415739765,0,'py','wrong'),(746,49,'willa','roundrobin',1415739818,0,'py','good'),(806,4,'mitchp','cashcow',1418024373,0,'java','wrong'),(807,4,'mitchp','cashcow',1418025479,0,'java','wrong'),(808,4,'mitchp','cashcow',1418027539,0,'java','good'),(818,55,'justinm','sortme',1418611326,0,'java','wrong'),(819,55,'justinm','sortme',1418611387,0,'java','good'),(820,49,'justinm','roundrobin',1418613779,0,'java','good'),(821,33,'justinm','missingpages',1418662529,0,'java','good'),(822,11,'justinm','digitsum',1418663404,0,'java','good'),(823,65,'justinm','welcomeparty',1418670260,0,'java','timeout'),(824,65,'justinm','welcomeparty',1418670583,0,'java','timeout'),(830,4,'willa','cashcow',1418928091,0,'java','good'),(831,4,'justinm','cashcow',1418928330,0,'java','good'),(862,33,'remydf','missingpages',1421904063,0,'cpp','good'),(863,11,'remydf','digitsum',1421905032,0,'cpp','good'),(874,55,'remydf','sortme',1421984160,0,'cpp','good'),(875,49,'remydf','roundrobin',1421985272,0,'cpp','runtime'),(876,49,'remydf','roundrobin',1421985378,0,'cpp','wrong'),(877,49,'remydf','roundrobin',1421985781,0,'cpp','wrong'),(878,49,'remydf','roundrobin',1421986317,0,'cpp','wrong'),(879,49,'remydf','roundrobin',1421986464,0,'cpp','good'),(909,55,'dave','sortme',1422382041,0,'py','good'),(910,49,'dave','roundrobin',1422384564,0,'go','good'),(911,11,'dave','digitsum',1422386094,0,'go','wrong'),(912,11,'dave','digitsum',1422386177,0,'go','good'),(929,11,'dillon','digitsum',1422487703,0,'java','good'),(952,33,'dillon','missingpages',1422493676,0,'java','good'),(968,11,'kaitlync','digitsum',1422519722,0,'java','runtime'),(969,11,'kaitlync','digitsum',1422520114,0,'java','wrong'),(970,11,'kaitlync','digitsum',1422520258,0,'java','wrong'),(971,11,'kaitlync','digitsum',1422520584,0,'java','wrong'),(972,11,'kaitlync','digitsum',1422520899,0,'java','wrong'),(973,11,'kaitlync','digitsum',1422544112,0,'java','good'),(974,11,'kaitlync','digitsum',1422544124,0,'java','good'),(975,33,'kaitlync','missingpages',1422546007,0,'java','runtime'),(976,33,'kaitlync','missingpages',1422546389,0,'java','good'),(991,49,'dillon','roundrobin',1422570648,0,'java','wrong'),(1003,49,'dillon','roundrobin',1422577677,0,'java','runtime'),(1006,49,'dillon','roundrobin',1422578334,0,'java','runtime'),(1009,55,'dillon','sortme',1422582533,0,'java','good'),(1164,49,'dillon','roundrobin',1423193676,0,'java','good'),(1170,4,'dillon','cashcow',1423238365,0,'java','runtime'),(1171,4,'dillon','cashcow',1423238674,0,'java','wrong'),(1200,4,'brandonm','cashcow',1423332083,0,'java','wrong'),(1201,4,'brandonm','cashcow',1423353862,0,'java','good'),(1221,33,'john_mac','missingpages',1423452798,0,'java','wrong'),(1222,33,'john_mac','missingpages',1423453102,0,'java','good'),(1236,11,'john_mac','digitsum',1423517034,0,'java','wrong'),(1290,55,'brian','sortme',1423611203,0,'java','good'),(1293,55,'brian','sortme',1423612773,0,'java','good'),(1307,33,'brian','missingpages',1423680815,0,'java','good'),(1319,33,'caioalves','missingpages',1423700370,0,'java','good'),(1376,4,'dillon','cashcow',1423768447,0,'java','good'),(1417,55,'alexeipillen','sortme',1423891027,0,'java','good'),(1421,64,'remydf','voting',1423930382,0,'cpp','wrong'),(1422,64,'remydf','voting',1423930554,0,'cpp','wrong'),(1423,64,'caioalves','voting',1423930718,0,'java','good'),(1424,64,'caioalves','voting',1423930858,0,'java','good'),(1425,64,'remydf','voting',1423931126,0,'cpp','good'),(1426,64,'mitchp','voting',1423931391,0,'java','good'),(1427,64,'justinm','voting',1423931399,0,'java','good'),(1428,64,'dillon','voting',1423931617,0,'java','good'),(1429,64,'will','voting',1423931625,0,'java','good'),(1430,64,'brian','voting',1423931625,0,'java','good'),(1431,64,'drew','voting',1423931705,0,'java','good'),(1432,64,'dave','voting',1423931724,0,'py','good'),(1433,30,'willa','madscientist',1423931730,0,'java','good'),(1434,30,'caioalves','madscientist',1423931830,0,'java','wrong'),(1435,3,'remydf','calculation',1423931886,0,'cpp','good'),(1436,30,'caioalves','madscientist',1423931963,0,'java','wrong'),(1437,30,'justinm','madscientist',1423932008,0,'java','good'),(1438,30,'merediths','madscientist',1423932056,0,'java','good'),(1439,64,'waynenolen','voting',1423932140,0,'java','wrong'),(1440,30,'remydf','madscientist',1423932150,0,'cpp','good'),(1441,32,'dave','mirror',1423932165,0,'py','good'),(1442,3,'mitchp','calculation',1423932193,0,'java','good'),(1443,32,'will','mirror',1423932203,0,'java','wrong'),(1444,64,'willa','voting',1423932253,0,'java','good'),(1445,64,'jacob','voting',1423932354,0,'java','good'),(1446,32,'will','mirror',1423932390,0,'java','good'),(1447,64,'waynenolen','voting',1423932411,0,'java','good'),(1448,30,'mitchp','madscientist',1423932492,0,'java','good'),(1449,32,'brian','mirror',1423932543,0,'java','good'),(1450,32,'drew','mirror',1423932577,0,'java','good'),(1451,32,'remydf','mirror',1423932588,0,'cpp','wrong'),(1452,32,'justinm','mirror',1423932641,0,'java','good'),(1453,32,'remydf','mirror',1423932875,0,'cpp','good'),(1454,32,'mitchp','mirror',1423932907,0,'java','good'),(1455,3,'dave','calculation',1423932968,0,'py','good'),(1456,30,'brian','madscientist',1423932981,0,'java','good'),(1457,32,'willa','mirror',1423933075,0,'java','good'),(1458,64,'merediths','voting',1423933123,0,'java','good'),(1459,32,'dillon','mirror',1423933185,0,'java','wrong'),(1460,32,'caioalves','mirror',1423933276,0,'java','good'),(1461,30,'dave','madscientist',1423933322,0,'py','good'),(1462,30,'drew','madscientist',1423933703,0,'java','good'),(1463,3,'jeffw','calculation',1423933836,0,'java','wrong'),(1464,3,'justinm','calculation',1423934018,0,'java','good'),(1465,32,'merediths','mirror',1423934022,0,'java','good'),(1466,64,'jeromys','voting',1423934329,0,'java','good'),(1467,64,'quinn','voting',1423934462,0,'java','good'),(1468,3,'brian','calculation',1423934726,0,'java','good'),(1469,3,'will','calculation',1423934824,0,'java','good'),(1470,14,'remydf','egyptian',1423935016,0,'cpp','good'),(1471,32,'waynenolen','mirror',1423935065,0,'java','wrong'),(1472,32,'waynenolen','mirror',1423935348,0,'java','wrong'),(1473,30,'will','madscientist',1423935400,0,'java','good'),(1474,32,'waynenolen','mirror',1423935512,0,'java','wrong'),(1475,32,'jeromys','mirror',1423935632,0,'java','good'),(1476,64,'john_mac','voting',1423935686,0,'java','wrong'),(1477,3,'caioalves','calculation',1423935748,0,'java','wrong'),(1478,3,'dillon','calculation',1423935766,0,'java','wrong'),(1479,3,'caioalves','calculation',1423935795,0,'java','wrong'),(1480,32,'waynenolen','mirror',1423935876,0,'java','wrong'),(1481,7,'dave','compression',1423935880,0,'py','runtime'),(1482,7,'dave','compression',1423936000,0,'py','good'),(1483,3,'willa','calculation',1423936086,0,'java','good'),(1484,3,'caioalves','calculation',1423936122,0,'java','good'),(1485,32,'waynenolen','mirror',1423936199,0,'java','good'),(1486,14,'mitchp','egyptian',1423936494,0,'java','timeout'),(1487,30,'jeromys','madscientist',1423936506,0,'java','good'),(1488,64,'john_mac','voting',1423936530,0,'java','wrong'),(1489,30,'caioalves','madscientist',1423936538,0,'java','good'),(1490,3,'drew','calculation',1423936728,0,'java','wrong'),(1491,32,'dillon','mirror',1423936801,0,'java','wrong'),(1492,14,'mitchp','egyptian',1423937003,0,'java','timeout'),(1493,14,'dave','egyptian',1423937031,0,'py','good'),(1494,64,'john_mac','voting',1423937145,0,'java','wrong'),(1495,3,'merediths','calculation',1423937203,0,'java','good'),(1496,32,'dillon','mirror',1423937207,0,'java','good'),(1497,7,'justinm','compression',1423937376,0,'java','good'),(1498,14,'mitchp','egyptian',1423937393,0,'java','timeout'),(1499,3,'jeromys','calculation',1423937430,0,'java','good'),(1500,7,'remydf','compression',1423937514,0,'cpp','runtime'),(1501,3,'dillon','calculation',1423937597,0,'java','good'),(1502,64,'jeffw','voting',1423937605,0,'java','wrong'),(1503,64,'jeffw','voting',1423937652,0,'java','wrong'),(1504,64,'john_mac','voting',1423937742,0,'java','good'),(1505,64,'jeffw','voting',1423937810,0,'java','good'),(1506,7,'remydf','compression',1423937822,0,'cpp','good'),(1507,42,'brian','queencollision',1423937957,0,'java','good'),(1508,30,'waynenolen','madscientist',1423938052,0,'java','good'),(1509,3,'drew','calculation',1423938139,0,'java','wrong'),(1510,42,'dave','queencollision',1423938193,0,'py','timeout'),(1511,3,'john_mac','calculation',1423938443,0,'java','wrong'),(1512,30,'dillon','madscientist',1423938998,0,'java','good'),(1513,3,'jeffw','calculation',1423939262,0,'java','wrong'),(1514,3,'john_mac','calculation',1423939275,0,'java','good'),(1515,14,'will','egyptian',1423939427,0,'java','timeout'),(1516,42,'mitchp','queencollision',1423939452,0,'java','good'),(1517,42,'dave','queencollision',1423939490,0,'go','good'),(1518,3,'jeffw','calculation',1423939993,0,'java','wrong'),(1519,14,'justinm','egyptian',1423940072,0,'java','timeout'),(1520,42,'remydf','queencollision',1423940472,0,'cpp','good'),(1521,32,'jacob','mirror',1423940501,0,'java','good'),(1522,32,'quinn','mirror',1423940839,0,'java','good'),(1523,3,'drew','calculation',1423941440,0,'java','wrong'),(1524,7,'brian','compression',1423941480,0,'java','good'),(1525,3,'drew','calculation',1423941507,0,'java','wrong'),(1526,3,'jeffw','calculation',1423941518,0,'java','wrong'),(1527,3,'drew','calculation',1423941521,0,'java','wrong'),(1528,7,'dillon','compression',1423941575,0,'java','compile'),(1529,14,'jeromys','egyptian',1423941596,0,'java','timeout'),(1530,42,'justinm','queencollision',1423941738,0,'java','timeout'),(1531,42,'justinm','queencollision',1423941829,0,'java','timeout'),(1532,42,'justinm','queencollision',1423941934,0,'java','good'),(1533,42,'drew','queencollision',1423947715,0,'java','runtime'),(1534,42,'drew','queencollision',1423947760,0,'java','runtime'),(1536,42,'drew','queencollision',1423949025,0,'java','runtime'),(1537,30,'quinn','madscientist',1423953153,0,'java','wrong'),(1538,30,'quinn','madscientist',1423953823,0,'java','good'),(1539,30,'dillon','madscientist',1423973155,0,'java','compile'),(1540,30,'brian','madscientist',1423978983,0,'java','good'),(1541,7,'brian','compression',1423985723,0,'java','wrong'),(1542,7,'brian','compression',1423986892,0,'java','good'),(1544,42,'drew','queencollision',1424014082,0,'java','runtime'),(1545,64,'brandonm','voting',1424023248,0,'java','good'),(1546,32,'brandonm','mirror',1424024466,0,'java','good'),(1547,42,'drew','queencollision',1424029792,0,'java','good'),(1548,30,'brandonm','madscientist',1424030657,0,'java','good'),(1549,3,'brandonm','calculation',1424034723,0,'java','runtime'),(1550,3,'brandonm','calculation',1424034879,0,'java','wrong'),(1551,3,'brandonm','calculation',1424036505,0,'java','good'),(1552,32,'john_mac','mirror',1424045840,0,'java','good'),(1554,64,'sam','voting',1424050199,0,'java','good'),(1555,7,'remydf','compression',1424051564,0,'cpp','compile'),(1556,7,'remydf','compression',1424051610,0,'cpp','good'),(1557,7,'remydf','compression',1424051827,0,'cpp','good'),(1560,3,'jeffw','calculation',1424101671,0,'java','wrong'),(1561,7,'dillon','compression',1424102057,0,'java','good'),(1571,32,'jeffw','mirror',1424117684,0,'java','good'),(1584,30,'john_mac','madscientist',1424134293,0,'java','good'),(1585,42,'caioalves','queencollision',1424153526,0,'java','timeout'),(1586,42,'caioalves','queencollision',1424153632,0,'java','good'),(1623,33,'jeffw','missingpages',1424294807,0,'java','good'),(1662,64,'carlosdrury','voting',1424320399,0,'java','good'),(1663,32,'carlosdrury','mirror',1424321750,0,'java','wrong'),(1664,32,'carlosdrury','mirror',1424321830,0,'java','wrong'),(1667,32,'carlosdrury','mirror',1424359455,0,'java','wrong'),(1679,4,'brian','cashcow',1424383644,0,'java','wrong'),(1680,42,'dillon','queencollision',1424384976,0,'java','good'),(1682,42,'brandonm','queencollision',1424434992,0,'java','good'),(1685,11,'caioalves','digitsum',1424461880,0,'java','wrong'),(1686,11,'caioalves','digitsum',1424461928,0,'java','wrong'),(1687,11,'caioalves','digitsum',1424462004,0,'java','wrong'),(1689,4,'brian','cashcow',1424480873,0,'java','good'),(1691,63,'mitchp','vonneumann',1424534711,0,'java','good'),(1692,23,'mitchp','islands',1424534989,0,'java','good'),(1693,23,'remydf','islands',1424535375,0,'cpp','good'),(1694,23,'dave','islands',1424535417,0,'py','good'),(1695,63,'drew','vonneumann',1424535532,0,'java','wrong'),(1696,63,'drew','vonneumann',1424535584,0,'java','good'),(1697,63,'dave','vonneumann',1424535938,0,'py','good'),(1698,23,'john_mac','islands',1424536008,0,'java','good'),(1699,23,'drew','islands',1424536142,0,'java','good'),(1700,63,'remydf','vonneumann',1424536212,0,'cpp','good'),(1701,23,'brian','islands',1424536347,0,'java','good'),(1702,23,'will','islands',1424536406,0,'java','good'),(1703,57,'mitchp','strahler',1424536978,0,'java','wrong'),(1704,57,'dave','strahler',1424537964,0,'py','wrong'),(1705,57,'dave','strahler',1424538077,0,'py','wrong'),(1706,57,'dave','strahler',1424538279,0,'py','good'),(1707,63,'john_mac','vonneumann',1424538365,0,'java','wrong'),(1708,63,'john_mac','vonneumann',1424538414,0,'java','good'),(1709,63,'waynenolen','vonneumann',1424539194,0,'java','wrong'),(1710,63,'waynenolen','vonneumann',1424539463,0,'java','wrong'),(1711,57,'mitchp','strahler',1424539545,0,'java','wrong'),(1712,23,'jeromys','islands',1424539559,0,'java','good'),(1713,63,'waynenolen','vonneumann',1424539566,0,'java','wrong'),(1714,57,'will','strahler',1424539585,0,'java','wrong'),(1715,63,'waynenolen','vonneumann',1424540075,0,'java','good'),(1716,57,'remydf','strahler',1424540444,0,'cpp','good'),(1717,23,'waynenolen','islands',1424540972,0,'java','good'),(1718,57,'brian','strahler',1424540980,0,'java','good'),(1719,57,'will','strahler',1424541067,0,'java','wrong'),(1720,57,'will','strahler',1424541531,0,'java','wrong'),(1721,57,'will','strahler',1424542116,0,'java','wrong'),(1722,57,'mitchp','strahler',1424542647,0,'java','good'),(1723,57,'jeromys','strahler',1424543431,0,'java','wrong'),(1724,6,'dave','chomp',1424544088,0,'py','runtime'),(1725,40,'john_mac','pisano',1424544328,0,'java','wrong'),(1726,63,'jeromys','vonneumann',1424544629,0,'java','wrong'),(1727,63,'will','vonneumann',1424544818,0,'java','wrong'),(1728,63,'jeromys','vonneumann',1424544845,0,'java','wrong'),(1729,57,'drew','strahler',1324544967,0,'py','compile'),(1730,40,'john_mac','pisano',1424544986,0,'java','wrong'),(1731,63,'will','vonneumann',1424544997,0,'java','good'),(1732,63,'jeromys','vonneumann',1424545041,0,'java','good'),(1733,40,'john_mac','pisano',1424545762,0,'java','wrong'),(1734,57,'drew','strahler',1424548638,0,'java','wrong'),(1735,57,'drew','strahler',1424551980,0,'java','wrong'),(1736,57,'drew','strahler',1424552635,0,'java','wrong'),(1737,57,'drew','strahler',1424552869,0,'java','wrong'),(1738,57,'drew','strahler',1424552917,0,'java','wrong'),(1739,57,'drew','strahler',1424553066,0,'java','good'),(1740,63,'brian','vonneumann',1424556518,0,'java','wrong'),(1741,63,'brian','vonneumann',1424556552,0,'java','good'),(1742,40,'john_mac','pisano',1424559988,0,'java','good'),(1743,40,'dave','pisano',1424565866,0,'cpp','good'),(1744,40,'mitchp','pisano',1424566136,0,'java','wrong'),(1745,40,'mitchp','pisano',1424566299,0,'java','good'),(1746,10,'dave','deranged',1424568543,0,'py','good'),(1747,10,'mitchp','deranged',1424569096,0,'java','good'),(1748,10,'dave','deranged',1424569100,0,'cpp','good'),(1749,10,'mitchp','deranged',1424570256,0,'java','good'),(1750,39,'mitchp','pascalpowers',1424572299,0,'java','good'),(1751,14,'dave','egyptian',1424574725,0,'java','good'),(1752,39,'dave','pascalpowers',1424575309,0,'py','good'),(1753,42,'willa','queencollision',1424579604,0,'java','good'),(1754,61,'dave','trianglecount',1424580703,0,'py','good'),(1755,61,'mitchp','trianglecount',1424581508,0,'java','runtime'),(1756,61,'mitchp','trianglecount',1424582057,0,'java','good'),(1757,40,'waynenolen','pisano',1424582396,0,'cpp','wrong'),(1758,40,'waynenolen','pisano',1424582796,0,'cpp','good'),(1760,40,'brian','pisano',1424629253,0,'java','wrong'),(1761,40,'brian','pisano',1424629825,0,'java','good'),(1765,40,'drew','pisano',1424657488,0,'java','good'),(1766,49,'drew','roundrobin',1424659073,0,'java','runtime'),(1767,49,'drew','roundrobin',1424659484,0,'java','wrong'),(1768,49,'drew','roundrobin',1424659699,0,'java','wrong'),(1769,49,'drew','roundrobin',1424659827,0,'java','runtime'),(1770,49,'drew','roundrobin',1424659983,0,'java','wrong'),(1771,49,'drew','roundrobin',1424661225,0,'java','good'),(1773,57,'brian','strahler',1424705221,0,'java','wrong'),(1775,57,'brian','strahler',1424708082,0,'java','good'),(1785,14,'willa','egyptian',1424748901,0,'java','runtime'),(1786,14,'willa','egyptian',1424748994,0,'java','good'),(1788,40,'willa','pisano',1424799382,0,'java','timeout'),(1789,40,'willa','pisano',1424799650,0,'java','wrong'),(1790,40,'willa','pisano',1424799702,0,'java','good'),(1791,63,'willa','vonneumann',1424800909,0,'java','good'),(1792,7,'mitchp','compression',1424809120,0,'java','good'),(1793,57,'willa','strahler',1424811242,0,'java','good'),(1794,14,'mitchp','egyptian',1424811324,0,'java','good'),(1798,23,'justinm','islands',1424820309,0,'java','good'),(1801,40,'remydf','pisano',1424825988,0,'cpp','good'),(1828,57,'justinm','strahler',1424914491,0,'java','good'),(1829,57,'justinm','strahler',1424914558,0,'java','compile'),(1830,57,'justinm','strahler',1424914595,0,'java','good'),(1833,42,'brian','queencollision',1424923762,0,'java','good'),(1834,7,'caioalves','compression',1424924287,0,'java','wrong'),(1835,7,'caioalves','compression',1424924353,0,'java','good'),(1839,7,'brandonm','compression',1424998202,0,'java','good'),(1841,65,'justinm','welcomeparty',1425002927,0,'java','wrong'),(1843,7,'drew','compression',1425005759,0,'java','good'),(1856,19,'remydf','gnome',1425139436,0,'cpp','good'),(1857,13,'brian','duplicate',1425139516,0,'java','good'),(1858,19,'drew','gnome',1425139524,0,'java','good'),(1859,13,'will','duplicate',1425139525,0,'java','wrong'),(1860,19,'mitchp','gnome',1425139558,0,'java','good'),(1861,19,'justinm','gnome',1425139576,0,'java','good'),(1862,19,'brian','gnome',1425139750,0,'java','good'),(1863,13,'remydf','duplicate',1425139771,0,'cpp','good'),(1864,13,'mitchp','duplicate',1425139793,0,'java','good'),(1865,13,'will','duplicate',1425139847,0,'java','good'),(1866,13,'justinm','duplicate',1425139856,0,'java','good'),(1867,19,'brandonm','gnome',1425139867,0,'java','good'),(1868,19,'willa','gnome',1425139939,0,'java','good'),(1869,19,'john_mac','gnome',1425139954,0,'java','good'),(1870,19,'jeromys','gnome',1425140057,0,'java','good'),(1871,13,'drew','duplicate',1425140080,0,'java','good'),(1872,19,'will','gnome',1425140115,0,'java','good'),(1873,47,'brian','rockpaper',1425140147,0,'java','good'),(1874,47,'mitchp','rockpaper',1425140175,0,'java','good'),(1875,47,'justinm','rockpaper',1425140271,0,'java','good'),(1876,47,'remydf','rockpaper',1425140348,0,'cpp','good'),(1877,19,'caioalves','gnome',1425140415,0,'java','good'),(1878,13,'brandonm','duplicate',1425140418,0,'java','good'),(1879,19,'carlosdrury','gnome',1425140419,0,'java','good'),(1880,13,'willa','duplicate',1425140440,0,'java','good'),(1881,47,'will','rockpaper',1425140614,0,'java','good'),(1882,47,'drew','rockpaper',1425140662,0,'java','good'),(1883,13,'jeromys','duplicate',1425140880,0,'java','good'),(1884,47,'brandonm','rockpaper',1425140998,0,'java','good'),(1885,47,'willa','rockpaper',1425141317,0,'java','good'),(1886,47,'jeromys','rockpaper',1425141415,0,'java','good'),(1887,13,'carlosdrury','duplicate',1425141730,0,'java','wrong'),(1888,13,'john_mac','duplicate',1425141852,0,'java','good'),(1889,13,'caioalves','duplicate',1425141885,0,'java','good'),(1890,12,'remydf','dull',1425141954,0,'cpp','good'),(1891,12,'mitchp','dull',1425142012,0,'java','good'),(1892,13,'carlosdrury','duplicate',1425142296,0,'java','good'),(1893,62,'justinm','updown',1425142709,0,'java','runtime'),(1894,47,'caioalves','rockpaper',1425142869,0,'java','wrong'),(1895,47,'caioalves','rockpaper',1425142915,0,'java','good'),(1896,47,'carlosdrury','rockpaper',1425143037,0,'java','good'),(1897,47,'john_mac','rockpaper',1425143052,0,'java','good'),(1898,19,'waynenolen','gnome',1425143451,0,'java','wrong'),(1899,19,'waynenolen','gnome',1425143613,0,'java','good'),(1900,19,'quinn','gnome',1425143713,0,'java','wrong'),(1901,12,'brian','dull',1425143735,0,'java','good'),(1902,19,'quinn','gnome',1425144086,0,'java','good'),(1903,62,'remydf','updown',1425144262,0,'cpp','timeout'),(1904,13,'waynenolen','duplicate',1425144900,0,'java','runtime'),(1905,13,'waynenolen','duplicate',1425145044,0,'java','good'),(1906,62,'brian','updown',1425145146,0,'java','timeout'),(1907,12,'justinm','dull',1425145436,0,'java','good'),(1908,46,'mitchp','ripoff',1425145504,0,'java','good'),(1909,12,'willa','dull',1425145781,0,'java','wrong'),(1910,12,'brandonm','dull',1425145917,0,'java','good'),(1911,47,'waynenolen','rockpaper',1425145935,0,'java','good'),(1912,12,'willa','dull',1425146130,0,'java','good'),(1913,46,'remydf','ripoff',1425146142,0,'cpp','wrong'),(1914,46,'remydf','ripoff',1425146237,0,'cpp','good'),(1915,62,'justinm','updown',1425146760,0,'java','wrong'),(1916,62,'brian','updown',1425147399,0,'java','timeout'),(1917,12,'drew','dull',1425147458,0,'java','wrong'),(1918,62,'remydf','updown',1425147472,0,'cpp','timeout'),(1919,12,'drew','dull',1425147599,0,'java','good'),(1920,12,'will','dull',1425147757,0,'java','good'),(1921,62,'justinm','updown',1425148341,0,'java','wrong'),(1922,5,'mitchp','celltowers',1425149102,0,'java','good'),(1923,46,'brian','ripoff',1425149128,0,'java','timeout'),(1924,46,'brian','ripoff',1425149592,0,'java','good'),(1925,46,'brian','ripoff',1425149593,0,'java','good'),(1926,12,'caioalves','dull',1425149699,0,'java','wrong'),(1927,12,'caioalves','dull',1425149767,0,'java','wrong'),(1928,5,'will','celltowers',1425149995,0,'java','wrong'),(1929,46,'brandonm','ripoff',1425150004,0,'java','runtime'),(1930,46,'brandonm','ripoff',1425155884,0,'java','timeout'),(1931,46,'brandonm','ripoff',1425156035,0,'java','timeout'),(1932,12,'caioalves','dull',1425156630,0,'java','wrong'),(1933,12,'caioalves','dull',1425156776,0,'java','wrong'),(1934,46,'drew','ripoff',1425157247,0,'java','timeout'),(1935,46,'drew','ripoff',1425157404,0,'java','wrong'),(1936,46,'drew','ripoff',1425157491,0,'java','timeout'),(1937,12,'caioalves','dull',1425158591,0,'java','runtime'),(1938,12,'caioalves','dull',1425158651,0,'java','wrong'),(1939,46,'drew','ripoff',1425160844,0,'java','timeout'),(1940,19,'jacob','gnome',1425169360,0,'java','runtime'),(1941,19,'jacob','gnome',1425169414,0,'java','wrong'),(1942,19,'jacob','gnome',1425169535,0,'java','good'),(1943,47,'jacob','rockpaper',1425171897,0,'java','good'),(1946,13,'jacob','duplicate',1425178390,0,'java','good'),(1947,23,'jacob','islands',1425180707,0,'java','good'),(1948,46,'drew','ripoff',1425180768,0,'java','good'),(1950,5,'will','celltowers',1425186447,0,'java','wrong'),(1951,5,'will','celltowers',1425187773,0,'java','wrong'),(1952,19,'brian','gnome',1425227861,0,'java','good'),(1953,12,'brian','dull',1425229525,0,'java','good'),(1954,13,'brian','duplicate',1425230092,0,'java','good'),(1955,47,'brian','rockpaper',1425230561,0,'java','good'),(1956,46,'brian','ripoff',1425231738,0,'java','good'),(1959,5,'will','celltowers',1425310509,0,'java','wrong'),(1960,5,'will','celltowers',1425320985,0,'java','wrong'),(1961,5,'will','celltowers',1425322333,0,'java','good'),(1962,5,'brian','celltowers',1425322994,0,'java','wrong'),(1963,7,'jeromys','compression',1425343909,0,'java','wrong'),(1964,7,'jeromys','compression',1425345961,0,'java','good'),(1966,7,'will','compression',1425350994,0,'java','good'),(1970,62,'mitchp','updown',1425365169,0,'java','wrong'),(1971,7,'will','compression',1425414578,0,'java','runtime'),(1972,7,'will','compression',1425414870,0,'java','good'),(1974,57,'will','strahler',1425421857,0,'java','good'),(1984,64,'lucyr','voting',1425441764,0,'java','good'),(1991,19,'dillon','gnome',1425488591,0,'java','wrong'),(1992,19,'dillon','gnome',1425488623,0,'java','wrong'),(1994,19,'dillon','gnome',1425510947,0,'java','wrong'),(1995,47,'dillon','rockpaper',1425511602,0,'java','good'),(1996,13,'dillon','duplicate',1425512389,0,'java','good'),(1999,57,'jeromys','strahler',1425516680,0,'java','wrong'),(2000,57,'mitchj','strahler',1425517402,0,'java','good'),(2002,57,'merediths','strahler',1425517930,0,'java','runtime'),(2003,57,'jeromys','strahler',1425524189,0,'java','good'),(2004,57,'merediths','strahler',1425531615,0,'java','runtime'),(2008,19,'lucyr','gnome',1425534555,0,'java','good'),(2010,30,'jeffw','madscientist',1425594985,0,'java','good'),(2013,43,'mitchp','quicksearch',1425670733,0,'java','wrong'),(2019,57,'brandonm','strahler',1425740980,0,'java','good'),(2020,41,'willa','pizzapricing',1425744712,0,'java','good'),(2021,16,'dave','fridgemagnets',1425744725,0,'py','good'),(2022,41,'brian','pizzapricing',1425744802,0,'java','good'),(2023,41,'jeromys','pizzapricing',1425744806,0,'java','good'),(2024,41,'caioalves','pizzapricing',1425744956,0,'cpp','good'),(2025,16,'jeromys','fridgemagnets',1425745081,0,'java','good'),(2026,16,'brian','fridgemagnets',1425745132,0,'java','good'),(2027,16,'willa','fridgemagnets',1425745152,0,'java','good'),(2028,16,'caioalves','fridgemagnets',1425745240,0,'cpp','good'),(2029,41,'dave','pizzapricing',1425746787,0,'java','wrong'),(2030,41,'dave','pizzapricing',1425746835,0,'java','good'),(2031,21,'brian','gradeschool',1425746909,0,'java','good'),(2032,21,'dave','gradeschool',1425747071,0,'py','good'),(2033,9,'willa','crashgo',1425747198,0,'java','wrong'),(2034,21,'caioalves','gradeschool',1425747310,0,'cpp','good'),(2035,21,'jeromys','gradeschool',1425747390,0,'java','wrong'),(2036,21,'jeromys','gradeschool',1425747740,0,'java','wrong'),(2037,9,'dave','crashgo',1425748033,0,'py','good'),(2038,41,'brandonm','pizzapricing',1425748409,0,'java','good'),(2039,21,'jeromys','gradeschool',1425748709,0,'java','wrong'),(2040,16,'brandonm','fridgemagnets',1425748924,0,'java','runtime'),(2041,16,'brandonm','fridgemagnets',1425749051,0,'java','runtime'),(2042,16,'brandonm','fridgemagnets',1425749353,0,'java','good'),(2043,54,'dave','sokoban',1425750869,0,'java','good'),(2044,21,'jeromys','gradeschool',1425750966,0,'java','good'),(2045,9,'brian','crashgo',1425751505,0,'java','wrong'),(2046,54,'willa','sokoban',1425752497,0,'java','wrong'),(2047,9,'brian','crashgo',1425752550,0,'java','good'),(2048,54,'brian','sokoban',1425753003,0,'java','runtime'),(2049,54,'brian','sokoban',1425753857,0,'java','good'),(2050,54,'jeromys','sokoban',1425754076,0,'java','good'),(2051,9,'jeromys','crashgo',1425755048,0,'java','timeout'),(2052,21,'willa','gradeschool',1425755098,0,'java','wrong'),(2054,41,'remydf','pizzapricing',1425764455,0,'cpp','compile'),(2055,41,'remydf','pizzapricing',1425764476,0,'cpp','compile'),(2056,41,'remydf','pizzapricing',1425764509,0,'cpp','good'),(2057,16,'remydf','fridgemagnets',1425764834,0,'cpp','good'),(2058,41,'mitchp','pizzapricing',1425766866,0,'java','good'),(2059,21,'remydf','gradeschool',1425767009,0,'cpp','good'),(2060,16,'mitchp','fridgemagnets',1425767183,0,'java','good'),(2061,54,'caioalves','sokoban',1425767340,0,'java','wrong'),(2062,54,'caioalves','sokoban',1425767510,0,'java','wrong'),(2063,21,'mitchp','gradeschool',1425768283,0,'java','good'),(2064,54,'mitchp','sokoban',1425775188,0,'java','good'),(2065,21,'dillon','gradeschool',1425778938,0,'java','good'),(2066,9,'mitchp','crashgo',1425779018,0,'java','wrong'),(2067,19,'dillon','gnome',1425779173,0,'java','good'),(2068,9,'mitchp','crashgo',1425779198,0,'java','wrong'),(2069,9,'mitchp','crashgo',1425779739,0,'java','wrong'),(2070,23,'dillon','islands',1425779980,0,'java','good'),(2071,41,'dillon','pizzapricing',1425781572,0,'java','good'),(2072,16,'dillon','fridgemagnets',1425782638,0,'java','good'),(2073,63,'dillon','vonneumann',1425783711,0,'java','good'),(2074,57,'dillon','strahler',1425785716,0,'java','good'),(2075,12,'dillon','dull',1425787396,0,'java','good'),(2076,40,'dillon','pisano',1425789732,0,'java','good'),(2077,9,'merediths','crashgo',1425801266,0,'java','wrong'),(2078,16,'brian','fridgemagnets',1425848952,0,'java','good'),(2080,54,'brian','sokoban',1425866648,0,'java','good'),(2084,23,'brandonm','islands',1425903702,0,'java','good'),(2085,63,'brandonm','vonneumann',1425905181,0,'java','good'),(2086,21,'brandonm','gradeschool',1425910618,0,'java','good'),(2087,9,'dillon','crashgo',1425914627,0,'java','good'),(2088,54,'dillon','sokoban',1425920709,0,'java','good'),(2091,40,'brandonm','pisano',1425933651,0,'java','good'),(2123,14,'dillon','egyptian',1425962395,0,'java','good'),(2124,54,'brandonm','sokoban',1426021900,0,'java','wrong'),(2125,54,'brandonm','sokoban',1426023541,0,'java','wrong'),(2128,54,'brandonm','sokoban',1426078854,0,'java','runtime'),(2129,54,'brandonm','sokoban',1426078965,0,'java','wrong'),(2130,54,'brandonm','sokoban',1426079062,0,'java','wrong'),(2131,54,'brandonm','sokoban',1426079473,0,'java','good'),(2133,46,'mitchp','ripoff',1426100860,0,'java','good'),(2134,57,'will','strahler',1426112394,0,'java','compile'),(2135,57,'will','strahler',1426112428,0,'java','wrong'),(2136,57,'will','strahler',1426112909,0,'java','good'),(2137,57,'merediths','strahler',1426116035,0,'java','runtime'),(2138,47,'lucyr','rockpaper',1426118302,0,'java','good'),(2145,49,'jeffw','roundrobin',1426198300,0,'java','runtime'),(2146,49,'jeffw','roundrobin',1426198608,0,'java','runtime'),(2147,49,'jeffw','roundrobin',1426198634,0,'java','runtime'),(2148,49,'jeffw','roundrobin',1426198678,0,'java','runtime'),(2149,49,'jeffw','roundrobin',1426198798,0,'java','runtime'),(2150,23,'willa','islands',1426220274,0,'py','wrong'),(2151,23,'willa','islands',1426220365,0,'py','good'),(2156,58,'brian','sudominoku',1426289002,0,'java','good'),(2158,45,'brian','reverserot',1426345691,0,'java','good'),(2159,45,'mitchp','reverserot',1426345825,0,'java','wrong'),(2160,45,'remydf','reverserot',1426345895,0,'cpp','wrong'),(2161,45,'remydf','reverserot',1426345977,0,'cpp','good'),(2162,45,'mitchp','reverserot',1426346259,0,'java','good'),(2163,45,'jeromys','reverserot',1426346773,0,'java','wrong'),(2164,45,'will','reverserot',1426346819,0,'java','wrong'),(2165,45,'jeromys','reverserot',1426346925,0,'java','good'),(2166,45,'dave','reverserot',1426347029,0,'py','good'),(2167,18,'brian','fun',1426347272,0,'java','wrong'),(2168,45,'will','reverserot',1426347308,0,'java','good'),(2169,18,'brian','fun',1426347397,0,'java','good'),(2170,67,'mitchp','wordcloud',1426347804,0,'java','good'),(2171,18,'remydf','fun',1426348667,0,'cpp','wrong'),(2172,18,'mitchp','fun',1426348980,0,'java','good'),(2173,18,'jeromys','fun',1426349020,0,'java','good'),(2174,18,'will','fun',1426349050,0,'java','wrong'),(2175,18,'remydf','fun',1426349132,0,'cpp','good'),(2176,18,'will','fun',1426349168,0,'java','good'),(2177,34,'brian','multiplication',1426349832,0,'java','wrong'),(2178,34,'brian','multiplication',1426350427,0,'java','wrong'),(2179,18,'dave','fun',1426350465,0,'py','good'),(2180,66,'dave','wettiles',1426351117,0,'py','timeout'),(2181,34,'mitchp','multiplication',1426351468,0,'java','good'),(2182,66,'dave','wettiles',1426351594,0,'py','good'),(2183,45,'willa','reverserot',1426351778,0,'py','good'),(2184,67,'will','wordcloud',1426351962,0,'java','good'),(2185,34,'brian','multiplication',1426352353,0,'java','wrong'),(2186,67,'dave','wordcloud',1426352850,0,'py','good'),(2187,67,'jeromys','wordcloud',1426352851,0,'java','good'),(2188,34,'brian','multiplication',1426352942,0,'java','good'),(2189,66,'mitchp','wettiles',1426354050,0,'java','timeout'),(2190,34,'remydf','multiplication',1426354161,0,'cpp','good'),(2191,66,'mitchp','wettiles',1426354712,0,'java','good'),(2192,67,'brian','wordcloud',1426355081,0,'java','wrong'),(2193,34,'dave','multiplication',1426355297,0,'py','good'),(2194,67,'remydf','wordcloud',1426355620,0,'cpp','good'),(2195,67,'brian','wordcloud',1426355778,0,'java','good'),(2196,66,'remydf','wettiles',1426364535,0,'cpp','wrong'),(2197,66,'remydf','wettiles',1426364670,0,'cpp','wrong'),(2198,66,'remydf','wettiles',1426364775,0,'cpp','good'),(2199,45,'brandonm','reverserot',1426378117,0,'java','good'),(2200,18,'brandonm','fun',1426385606,0,'java','wrong'),(2203,28,'mitchp','lexicography',1426558980,0,'java','runtime'),(2205,28,'brian','lexicography',1426590657,0,'java','runtime'),(2206,49,'mitchp','roundrobin',1426615931,0,'java','good'),(2207,28,'brian','lexicography',1426629178,0,'java','good'),(2208,28,'mitchp','lexicography',1426700670,0,'java','good'),(2209,31,'mitchp','mazemakers',1426707222,0,'java','good'),(2210,49,'jeffw','roundrobin',1426709641,0,'java','good'),(2211,18,'brandonm','fun',1426721126,0,'java','good'),(2212,18,'willa','fun',1426724812,0,'java','good'),(2213,31,'brian','mazemakers',1426742998,0,'java','good'),(2214,18,'drew','fun',1426774234,0,'java','timeout'),(2215,18,'drew','fun',1426774643,0,'java','timeout'),(2216,18,'drew','fun',1426795754,0,'java','timeout'),(2217,18,'drew','fun',1426799400,0,'java','wrong'),(2218,18,'drew','fun',1426799490,0,'java','wrong'),(2219,18,'drew','fun',1426818497,0,'java','good'),(2220,55,'jeffw','sortme',1426823292,0,'java','good'),(2225,18,'lucyr','fun',1426901326,0,'java','good'),(2226,3,'jeffw','calculation',1426997242,0,'java','good'),(2227,45,'jeffw','reverserot',1427084686,0,'java','good'),(2228,13,'jeffw','duplicate',1427090012,0,'java','good'),(2237,19,'jeffw','gnome',1427474135,0,'java','good'),(2238,45,'drew','reverserot',1427475668,0,'java','wrong'),(2239,45,'drew','reverserot',1427475726,0,'java','good'),(2240,47,'jeffw','rockpaper',1427578376,0,'java','good'),(2241,41,'lucyr','pizzapricing',1427654897,0,'java','good'),(2242,16,'lucyr','fridgemagnets',1427658134,0,'java','good'),(2246,23,'jeffw','islands',1427683592,0,'java','good'),(2247,41,'jeffw','pizzapricing',1427781522,0,'java','good'),(2250,44,'mitchp','quicksum',1427929716,0,'java','good'),(2251,44,'brian','quicksum',1427929786,0,'java','good'),(2252,44,'will','quicksum',1427929790,0,'java','good'),(2253,44,'justinm','quicksum',1427929819,0,'java','good'),(2254,44,'remydf','quicksum',1427929825,0,'cpp','good'),(2255,44,'brandonm','quicksum',1427929825,0,'java','good'),(2256,44,'willa','quicksum',1427929851,0,'py','good'),(2257,44,'dillon','quicksum',1427930055,0,'java','good'),(2258,44,'merediths','quicksum',1427930115,0,'java','good'),(2259,44,'lucyr','quicksum',1427930127,0,'java','good'),(2260,48,'remydf','rootproblem',1427930155,0,'cpp','good'),(2261,44,'dave','quicksum',1427930178,0,'py','wrong'),(2262,48,'brian','rootproblem',1427930269,0,'java','good'),(2263,44,'drew','quicksum',1427930305,0,'java','good'),(2264,44,'dave','quicksum',1427930316,0,'py','wrong'),(2265,44,'dave','quicksum',1427930377,0,'py','good'),(2266,59,'mitchp','surprisingstrings',1427930414,0,'java','good'),(2267,44,'john_mac','quicksum',1427930604,0,'java','good'),(2268,48,'dave','rootproblem',1427930623,0,'py','good'),(2269,44,'caioalves','quicksum',1427930698,0,'java','good'),(2270,48,'mitchp','rootproblem',1427930753,0,'java','good'),(2271,59,'remydf','surprisingstrings',1427930804,0,'cpp','good'),(2272,36,'justinm','pachinko',1427930872,0,'java','good'),(2273,48,'dillon','rootproblem',1427930892,0,'java','good'),(2274,48,'willa','rootproblem',1427930934,0,'java','good'),(2275,44,'jacob','quicksum',1427931040,0,'java','good'),(2276,48,'brandonm','rootproblem',1427931123,0,'java','wrong'),(2277,59,'brian','surprisingstrings',1427931237,0,'java','good'),(2278,59,'merediths','surprisingstrings',1427931268,0,'java','good'),(2279,48,'lucyr','rootproblem',1427931362,0,'java','good'),(2280,59,'will','surprisingstrings',1427931401,0,'java','good'),(2281,59,'dave','surprisingstrings',1427931505,0,'py','good'),(2282,44,'carlosdrury','quicksum',1427931544,0,'java','good'),(2283,36,'remydf','pachinko',1427931597,0,'cpp','good'),(2284,48,'justinm','rootproblem',1427931789,0,'java','good'),(2285,48,'will','rootproblem',1427931950,0,'java','good'),(2286,59,'dillon','surprisingstrings',1427931959,0,'java','good'),(2287,48,'caioalves','rootproblem',1427931987,0,'java','good'),(2288,59,'willa','surprisingstrings',1427932022,0,'java','good'),(2289,36,'brian','pachinko',1427932198,0,'java','good'),(2290,48,'drew','rootproblem',1427932309,0,'java','wrong'),(2291,36,'dave','pachinko',1427932314,0,'py','good'),(2292,59,'justinm','surprisingstrings',1427932384,0,'java','good'),(2293,48,'brandonm','rootproblem',1427932405,0,'java','wrong'),(2294,48,'brandonm','rootproblem',1427932490,0,'java','wrong'),(2295,48,'drew','rootproblem',1427932554,0,'java','wrong'),(2296,59,'lucyr','surprisingstrings',1427932564,0,'java','good'),(2297,48,'merediths','rootproblem',1427932572,0,'java','wrong'),(2298,48,'merediths','rootproblem',1427932667,0,'java','good'),(2299,36,'mitchp','pachinko',1427932726,0,'java','good'),(2300,48,'john_mac','rootproblem',1427932736,0,'java','good'),(2301,36,'will','pachinko',1427932858,0,'java','good'),(2302,17,'remydf','frugalsearch',1427933127,0,'cpp','wrong'),(2303,36,'dillon','pachinko',1427933240,0,'java','good'),(2304,59,'drew','surprisingstrings',1427933468,0,'java','good'),(2305,48,'brandonm','rootproblem',1427933580,0,'java','wrong'),(2306,36,'willa','pachinko',1427933593,0,'java','good'),(2307,17,'remydf','frugalsearch',1427933604,0,'cpp','good'),(2308,59,'caioalves','surprisingstrings',1427933652,0,'java','good'),(2309,59,'brandonm','surprisingstrings',1427933836,0,'java','good'),(2310,20,'dave','gorelians',1427933960,0,'py','good'),(2311,48,'drew','rootproblem',1427934146,0,'java','good'),(2312,17,'mitchp','frugalsearch',1427934193,0,'java','good'),(2313,17,'justinm','frugalsearch',1427934353,0,'java','good'),(2314,36,'lucyr','pachinko',1427934774,0,'java','good'),(2315,17,'dave','frugalsearch',1427935044,0,'py','good'),(2316,17,'brian','frugalsearch',1427935260,0,'java','wrong'),(2317,59,'john_mac','surprisingstrings',1427935288,0,'java','good'),(2318,48,'jacob','rootproblem',1427935295,0,'java','wrong'),(2319,36,'drew','pachinko',1427935389,0,'java','good'),(2320,17,'will','frugalsearch',1427935427,0,'java','good'),(2321,17,'brian','frugalsearch',1427935616,0,'java','good'),(2322,36,'brandonm','pachinko',1427935988,0,'java','good'),(2323,36,'merediths','pachinko',1427936005,0,'java','good'),(2324,20,'mitchp','gorelians',1427936957,0,'java','good'),(2325,20,'remydf','gorelians',1427937095,0,'cpp','good'),(2326,20,'justinm','gorelians',1427937115,0,'java','wrong'),(2327,59,'carlosdrury','surprisingstrings',1427937251,0,'java','good'),(2328,17,'willa','frugalsearch',1427937839,0,'py','wrong'),(2329,36,'john_mac','pachinko',1427937883,0,'java','good'),(2330,48,'brandonm','rootproblem',1427937959,0,'java','good'),(2331,15,'dave','fallingice',1427938052,0,'py','wrong'),(2332,36,'caioalves','pachinko',1427938779,0,'java','good'),(2333,20,'justinm','gorelians',1427938911,0,'java','wrong'),(2334,15,'remydf','fallingice',1427939117,0,'cpp','wrong'),(2335,17,'dillon','frugalsearch',1427939136,0,'java','good'),(2336,15,'remydf','fallingice',1427939359,0,'cpp','wrong'),(2337,17,'merediths','frugalsearch',1427939369,0,'java','good'),(2338,20,'justinm','gorelians',1427939852,0,'java','wrong'),(2339,15,'caioalves','fallingice',1427939958,0,'java','runtime'),(2340,17,'caioalves','frugalsearch',1427940014,0,'java','wrong'),(2341,20,'caioalves','gorelians',1427940020,0,'java','runtime'),(2342,17,'willa','frugalsearch',1427982734,0,'py','good'),(2343,18,'john_mac','fun',1428007281,0,'java','good'),(2344,20,'mitchp','gorelians',1428009508,0,'java','good'),(2345,17,'mitchp','frugalsearch',1428013571,0,'java','good'),(2346,20,'brian','gorelians',1428115728,0,'java','timeout');
/*!40000 ALTER TABLE `submits` ENABLE KEYS */;
UNLOCK TABLES;

--
-- Table structure for table `users`
--

DROP TABLE IF EXISTS `users`;
/*!40101 SET @saved_cs_client     = @@character_set_client */;
/*!40101 SET character_set_client = utf8 */;
CREATE TABLE `users` (
  `username` varchar(32) NOT NULL,
  `passw` varchar(255) DEFAULT NULL,
  `display` varchar(32) NOT NULL,
  `admin` tinyint(1) NOT NULL,
  PRIMARY KEY (`username`),
  FULLTEXT KEY `username` (`username`)
) ENGINE=MyISAM DEFAULT CHARSET=utf8;
/*!40101 SET character_set_client = @saved_cs_client */;

--
-- Dumping data for table `users`
--

LOCK TABLES `users` WRITE;
/*!40000 ALTER TABLE `users` DISABLE KEYS */;
INSERT INTO `users` VALUES ('brian','$2b$12$95hJ.4TE68Aj15vIxv8gPOGD0AH.qw623YM/zlX99xmTA/DXpvflG','Brian DeLoach',1),('will','$2b$12$95hJ.4TE68Aj15vIxv8gPOGD0AH.qw623YM/zlX99xmTA/DXpvflG','William Hester',1),('dave','$2b$12$95hJ.4TE68Aj15vIxv8gPOGD0AH.qw623YM/zlX99xmTA/DXpvflG','Dave Shuckerow',0),('drew','$2b$12$95hJ.4TE68Aj15vIxv8gPOGD0AH.qw623YM/zlX99xmTA/DXpvflG','Drew Hoover',0),('willa','$2b$12$95hJ.4TE68Aj15vIxv8gPOGD0AH.qw623YM/zlX99xmTA/DXpvflG','Will O\'Rourke',0),('dillon','$2b$12$95hJ.4TE68Aj15vIxv8gPOGD0AH.qw623YM/zlX99xmTA/DXpvflG','Reedy Dillon ',0),('mitchp','$2b$12$95hJ.4TE68Aj15vIxv8gPOGD0AH.qw623YM/zlX99xmTA/DXpvflG','Mitch Price',0),('sam','$2b$12$95hJ.4TE68Aj15vIxv8gPOGD0AH.qw623YM/zlX99xmTA/DXpvflG','Sam Weise',0),('quinn','$2b$12$95hJ.4TE68Aj15vIxv8gPOGD0AH.qw623YM/zlX99xmTA/DXpvflG','Quinn Pommerening',0),('chrisd','$2b$12$95hJ.4TE68Aj15vIxv8gPOGD0AH.qw623YM/zlX99xmTA/DXpvflG','Chris',0),('brandonm','$2b$12$95hJ.4TE68Aj15vIxv8gPOGD0AH.qw623YM/zlX99xmTA/DXpvflG','Brandon Morris',1),('tester','$2b$12$95hJ.4TE68Aj15vIxv8gPOGD0AH.qw623YM/zlX99xmTA/DXpvflG','Judge Tester',1),('jacob','$2b$12$95hJ.4TE68Aj15vIxv8gPOGD0AH.qw623YM/zlX99xmTA/DXpvflG','Jacob Scott',0),('jeromys','$2b$12$95hJ.4TE68Aj15vIxv8gPOGD0AH.qw623YM/zlX99xmTA/DXpvflG','Jeromy Swann',0),('chrisb','$2b$12$95hJ.4TE68Aj15vIxv8gPOGD0AH.qw623YM/zlX99xmTA/DXpvflG','Chris Barnes',0),('kaitlync','$2b$12$95hJ.4TE68Aj15vIxv8gPOGD0AH.qw623YM/zlX99xmTA/DXpvflG','Kaitlyn Childers',0),('merediths','$2b$12$95hJ.4TE68Aj15vIxv8gPOGD0AH.qw623YM/zlX99xmTA/DXpvflG','Meredith Singletary',0),('justinm','$2b$12$95hJ.4TE68Aj15vIxv8gPOGD0AH.qw623YM/zlX99xmTA/DXpvflG','Justin A Middleton',0),('remydf','$2b$12$95hJ.4TE68Aj15vIxv8gPOGD0AH.qw623YM/zlX99xmTA/DXpvflG','Remy De Fru',0),('carlosdrury','$2b$12$95hJ.4TE68Aj15vIxv8gPOGD0AH.qw623YM/zlX99xmTA/DXpvflG','Carlos Drury',0),('caioalves','$2b$12$95hJ.4TE68Aj15vIxv8gPOGD0AH.qw623YM/zlX99xmTA/DXpvflG','Caio Alves',0),('waynenolen','$2b$12$95hJ.4TE68Aj15vIxv8gPOGD0AH.qw623YM/zlX99xmTA/DXpvflG','Wayne Nolen',0),('alexeipillen','$2b$12$95hJ.4TE68Aj15vIxv8gPOGD0AH.qw623YM/zlX99xmTA/DXpvflG','Alexei Pillen',0),('john_mac','$2b$12$95hJ.4TE68Aj15vIxv8gPOGD0AH.qw623YM/zlX99xmTA/DXpvflG','John Harrison',0),('jeffo','$2b$12$95hJ.4TE68Aj15vIxv8gPOGD0AH.qw623YM/zlX99xmTA/DXpvflG','Jeff Overbey',0),('jeffw','$2b$12$95hJ.4TE68Aj15vIxv8gPOGD0AH.qw623YM/zlX99xmTA/DXpvflG','Jeff Wang',0),('lucyr','$2b$12$95hJ.4TE68Aj15vIxv8gPOGD0AH.qw623YM/zlX99xmTA/DXpvflG','Lucy Reynolds',0);
/*!40000 ALTER TABLE `users` ENABLE KEYS */;
UNLOCK TABLES;
/*!40103 SET TIME_ZONE=@OLD_TIME_ZONE */;

/*!40101 SET SQL_MODE=@OLD_SQL_MODE */;
/*!40014 SET FOREIGN_KEY_CHECKS=@OLD_FOREIGN_KEY_CHECKS */;
/*!40014 SET UNIQUE_CHECKS=@OLD_UNIQUE_CHECKS */;
/*!40101 SET CHARACTER_SET_CLIENT=@OLD_CHARACTER_SET_CLIENT */;
/*!40101 SET CHARACTER_SET_RESULTS=@OLD_CHARACTER_SET_RESULTS */;
/*!40101 SET COLLATION_CONNECTION=@OLD_COLLATION_CONNECTION */;
/*!40111 SET SQL_NOTES=@OLD_SQL_NOTES */;

-- Dump completed on 2016-02-25 19:25:40
