-- MySQL dump 10.13  Distrib 5.6.26, for osx10.10 (x86_64)
--
-- Host: localhost    Database: acm
-- ------------------------------------------------------
-- Server version	5.6.26

/*!40101 SET @OLD_CHARACTER_SET_CLIENT=@@CHARACTER_SET_CLIENT */;
/*!40101 SET @OLD_CHARACTER_SET_RESULTS=@@CHARACTER_SET_RESULTS */;
/*!40101 SET @OLD_COLLATION_CONNECTION=@@COLLATION_CONNECTION */;
/*!40101 SET NAMES utf8 */;
/*!40103 SET @OLD_TIME_ZONE=@@TIME_ZONE */;
/*!40103 SET TIME_ZONE='+00:00' */;
/*!40014 SET @OLD_UNIQUE_CHECKS=@@UNIQUE_CHECKS, UNIQUE_CHECKS=0 */;
/*!40014 SET @OLD_FOREIGN_KEY_CHECKS=@@FOREIGN_KEY_CHECKS, FOREIGN_KEY_CHECKS=0 */;
/*!40101 SET @OLD_SQL_MODE=@@SQL_MODE, SQL_MODE='NO_AUTO_VALUE_ON_ZERO' */;
/*!40111 SET @OLD_SQL_NOTES=@@SQL_NOTES, SQL_NOTES=0 */;

--
-- Table structure for table `comp_names`
--
CREATE DATABASE IF NOT EXISTS acm;
USE acm;
GRANT ALL ON `acm`.* TO 'acm'@'localhost' IDENTIFIED BY '';

DROP TABLE IF EXISTS `comp_names`;
/*!40101 SET @saved_cs_client     = @@character_set_client */;
/*!40101 SET character_set_client = utf8 */;
CREATE TABLE `comp_names` (
  `cid` int(10) unsigned NOT NULL AUTO_INCREMENT,
  `name` varchar(32) NOT NULL,
  `start` int(10) unsigned NOT NULL,
  `stop` int(10) unsigned NOT NULL,
  PRIMARY KEY (`cid`)
) ENGINE=InnoDB AUTO_INCREMENT=9 DEFAULT CHARSET=latin1;
/*!40101 SET character_set_client = @saved_cs_client */;

--
-- Dumping data for table `comp_names`
--

LOCK TABLES `comp_names` WRITE;
/*!40000 ALTER TABLE `comp_names` DISABLE KEYS */;
INSERT INTO `comp_names` VALUES (1,'Oct 11 Mock',1413050400,1413068400),
(2,'Feb 14 Mock',1423930800,1423941600),
(3,'Feb 21 Mock',1424534400,1424545200),
(4,'Feb 28 Mock',1425139200,1425150000),
(5,'March 7 Mock',1425744300,1425755100),
(6,'March 14 Mock',1426345200,1426356000),
(7,'April 1 Qual',1427929500,1427940300),
(8,'April 4 Mock',1428159600,1428170400);
/*!40000 ALTER TABLE `comp_names` ENABLE KEYS */;
UNLOCK TABLES;

--
-- Table structure for table `comp_problems`
--

DROP TABLE IF EXISTS `comp_problems`;
/*!40101 SET @saved_cs_client     = @@character_set_client */;
/*!40101 SET character_set_client = utf8 */;
CREATE TABLE `comp_problems` (
  `cid` int(10) unsigned NOT NULL,
  `pid` varchar(32) NOT NULL,
  `id` int(11) NOT NULL AUTO_INCREMENT,
  PRIMARY KEY (`id`)
) ENGINE=InnoDB AUTO_INCREMENT=68 DEFAULT CHARSET=latin1;
/*!40101 SET character_set_client = @saved_cs_client */;

--
-- Dumping data for table `comp_problems`
--

LOCK TABLES `comp_problems` WRITE;
/*!40000 ALTER TABLE `comp_problems` DISABLE KEYS */;
INSERT INTO `comp_problems` VALUES (1,'WelcomeParty',1),
(1,'RoundRobin',2),
(1,'MissingPages',3),
(1,'Paradox',4),
(1,'LetterCubes',5),
(1,'DigitSum',6),
(1,'CashCow',7),
(1,'SortMe',8),
(2,'Calculation',9),
(2,'MadScientist',10),
(2,'Voting',11),
(2,'QueenCollision',12),
(2,'Mirror',13),
(2,'TopThis',14),
(2,'QuickSearch',15),
(2,'Compression',16),
(2,'Egyptian',17),
(3,'Islands',18),
(3,'VonNeumann',19),
(3,'Strahler',20),
(3,'Pisano',21),
(3,'Deranged',22),
(3,'Chomp',23),
(3,'TriangleCount',24),
(3,'PascalPowers',25),
(3,'Contraband',26),
(4,'UpDown',27),
(4,'Gnome',28),
(4,'Dull',29),
(4,'BlackVienna',30),
(4,'Duplicate',31),
(4,'RockPaper',32),
(4,'Numerals',33),
(4,'CellTowers',34),
(4,'Ripoff',35),
(5,'GradeSchool',36),
(5,'LaserTag',37),
(5,'PizzaPricing',38),
(5,'Sudominoku',39),
(5,'FridgeMagnets',40),
(5,'ShutBox',41),
(5,'Sokoban',42),
(5,'CrashGo',43),
(6,'Multiplication',44),
(6,'Fun',45),
(6,'Lexicography',46),
(6,'Leprechaun',47),
(6,'WordCloud',48),
(6,'MazeMakers',49),
(6,'ReverseRot',50),
(6,'Shrine',51),
(6,'WetTiles',52),
(7,'Quicksum',53),
(7,'Pachinko',54),
(7,'SurprisingStrings',55),
(7,'FallingIce',56),
(7,'FrugalSearch',57),
(7,'Gorelians',58),
(7,'RootProblem',59),
(8,'Parity',60),
(8,'Lampyridae',61),
(8,'HexTile',62),
(8,'SanMotchi',63),
(8,'BulletinBoard',64),
(8,'SerialNumbers',65),
(8,'LineCircleMaze',66),
(8,'Steganography',67);
/*!40000 ALTER TABLE `comp_problems` ENABLE KEYS */;
UNLOCK TABLES;

--
-- Table structure for table `comp_users`
--

DROP TABLE IF EXISTS `comp_users`;
/*!40101 SET @saved_cs_client     = @@character_set_client */;
/*!40101 SET character_set_client = utf8 */;
CREATE TABLE `comp_users` (
  `cid` int(10) unsigned NOT NULL,
  `username` varchar(32) NOT NULL,
  `team` varchar(32) NOT NULL,
  `id` int(11) NOT NULL AUTO_INCREMENT,
  PRIMARY KEY (`id`)
) ENGINE=InnoDB AUTO_INCREMENT=91 DEFAULT CHARSET=latin1;
/*!40101 SET character_set_client = @saved_cs_client */;

--
-- Dumping data for table `comp_users`
--

LOCK TABLES `comp_users` WRITE;
/*!40000 ALTER TABLE `comp_users` DISABLE KEYS */;
INSERT INTO `comp_users` VALUES (1,'brian','Broverbey',1),
(1,'will','Broverbey',2),
(1,'dave','Broverbey',3),
(1,'sam','Clueless',4),
(1,'mitchp','Camp Sunshine',5),
(1,'jacob','Camp Sunshine',6),
(1,'justinm','Camp Sunshine',7),
(1,'drew','Put Me In Coach',8),
(1,'quinn','Put Me In Coach',9),
(1,'kaitlync','Clueless',10),
(1,'chrisb','Clueless',11),
(1,'brandonm','Put Me In Coach',12),
(2,'brian','Brian DeLoach',13),
(2,'will','William Hester',14),
(2,'mitchp','Mitch Price',15),
(2,'dillon','Dillon Reedy',16),
(2,'john_mac','John Harrison',17),
(2,'drew','Drew Hoover',18),
(2,'quinn','Quinn Pommerening',19),
(2,'justinm','Justin A Middleton',20),
(2,'jacob','Jacob Scott',21),
(2,'remydf','Remy De Fru',22),
(2,'waynenolen','Wayne Nolen',23),
(2,'merediths','Meredith Singletary',24),
(2,'caioalves','Caio Alves',25),
(2,'jeffw','Jeff Wang',26),
(2,'jeromys','Jeromy Swann',27),
(3,'brian','Brian DeLoach',28),
(3,'will','William Hester',29),
(3,'remydf','Remy De Fru',30),
(3,'dave','Dave Shuckerow',31),
(3,'dillon','Dillon Reedy',32),
(3,'drew','Drew Hoover',33),
(3,'john_mac','John Harrison',34),
(3,'mitchp','Mitch Price',35),
(3,'waynenolen','Wayne Nolen',36),
(3,'jeromys','Jeromy Swann',37),
(4,'brian','Brian DeLoach',38),
(4,'remydf','Remy De Fru',39),
(4,'waynenolen','Wayne Nolen',40),
(4,'brandonm','Brandon Morris',41),
(4,'mitchp','Mitch Price',42),
(4,'quinn','Quinn Pommerening',43),
(4,'caioalves','Caio Alves',44),
(4,'jeromys','Jeromy Swann',45),
(4,'carlosdrury','Carlos Drury',46),
(4,'justinm','Justin A Middleton',47),
(4,'john_mac','John Harrison',48),
(4,'drew','Drew Hoover',49),
(4,'will','William Hester',50),
(4,'willa','John William O&#39;Rourke',51),
(2,'willa','John William O&#39;Rourke',52),
(2,'dave','Dave Shuckerow',53),
(5,'brian','Team Awesome',54),
(5,'jeromys','Sudo Wrestlers',55),
(5,'mitchp','Sudo Wrestlers',56),
(5,'merediths','Sudo Wrestlers',57),
(5,'will','Team Awesome',58),
(5,'remydf','AU Brazil',59),
(5,'caioalves','AU Brazil',60),
(5,'carlosdrury','AU Brazil',61),
(5,'dave','The 3 Best Friends ThatAnybodyEv',62),
(5,'willa','Three Will Three Way',63),
(5,'quinn','The 3 Best Friends ThatAnybodyEv',64),
(5,'john_mac','Three Will Three Way',65),
(5,'waynenolen','The 3 Best Friends ThatAnybodyEv',66),
(5,'dillon','Three Will Three Way',67),
(6,'brian','Brian DeLoach',68),
(6,'will','William Hester',69),
(6,'mitchp','MItch Banana Skwirrel',70),
(6,'remydf','Remy De Fru',71),
(6,'jeromys','Jeromy Swann',72),
(6,'dave','David Shuckerow (late)',73),
(7,'brian','Brian DeLoach',74),
(7,'will','William Hester',75),
(7,'mitchp','Mitch Price',76),
(7,'merediths','Meredith Singletary',77),
(7,'drew','Drew Hoover',78),
(7,'lucyr','Lucy Reynolds',79),
(7,'jacob','Jacob Scott',80),
(7,'remydf','Remy De Fru',81),
(7,'john_mac','John Harrison',82),
(7,'caioalves','Caio Alves',83),
(7,'dave','Dave Shuckerow',84),
(7,'dillon','Reedy Dillon ',85),
(7,'justinm','Justin A Middleton',86),
(7,'brandonm','Brandon Morris',87),
(7,'carlosdrury','Carlos Drury',88),
(7,'willa','John William O&#39;Rourke',89),
(8,'brian','Brian DeLoach',90);
/*!40000 ALTER TABLE `comp_users` ENABLE KEYS */;
UNLOCK TABLES;

--
-- Table structure for table `problems`
--

DROP TABLE IF EXISTS `problems`;
/*!40101 SET @saved_cs_client     = @@character_set_client */;
/*!40101 SET character_set_client = utf8 */;
CREATE TABLE `problems` (
  `pid` varchar(32) NOT NULL,
  `name` varchar(128) NOT NULL,
  `appeared` varchar(128) NOT NULL,
  `difficulty` varchar(8) NOT NULL,
  `added` int(10) unsigned NOT NULL,
  `comp_release` varchar(32) NOT NULL,
  `time_limit` int(11) NOT NULL,
  PRIMARY KEY (`pid`)
) ENGINE=InnoDB DEFAULT CHARSET=latin1;
/*!40101 SET character_set_client = @saved_cs_client */;

--
-- Dumping data for table `problems`
--

LOCK TABLES `problems` WRITE;
/*!40000 ALTER TABLE `problems` DISABLE KEYS */;
INSERT INTO `problems` VALUES ('BlackVienna','Black Vienna','2009 Mid-Central','100',1425098610,'4',90),
('BulletinBoard','Bulletin Board','','',1428127324,'8',90),
('Calculation','Judges\' Time Calculation','2010 Mid-Central','18',1423893127,'2',90),
('CashCow','Cash Cow','2013 Mid-Central','78',1413007692,'1',90),
('CellTowers','Cell Towers','2009 Mid-Central','86',1425098610,'4',90),
('Chomp','Chomp','2013 Greater NY','73',1424491042,'3',90),
('Compression','Image Compression','2010 Mid-Central','75',1423893123,'2',90),
('Contraband','Contraband','2013 Greater NY','88',1424491042,'3',90),
('CrashGo','Crash and Go(relians)','2011 Mid-Central','65',1425705642,'5',90),
('Deranged','Deranged Exams','2013 Greater NY','59',1424491042,'3',90),
('DigitSum','Digit Sum','2013 Mid-Central','28',1413007683,'1',90),
('Dull','DuLL','2009 Mid-Central','46',1425098610,'4',90),
('Duplicate','Duplicate Removal','2009 Mid-Central','6',1425098610,'4',90),
('Egyptian','Egyptian Fractions','2010 Mid-Central','83',1423893127,'2',90),
('FallingIce','Falling Ice','2006 Mid-Central','99',1427909367,'7',90),
('FridgeMagnets','Refrigerator Magnets','2011 Mid-Central','6',1425705642,'5',90),
('FrugalSearch','Frugal Search','2006 Mid-Central','57',1427909367,'7',90),
('Fun','Fun House','2014 Mid-Central','34',1426310855,'6',90),
('Gnome','Gnome Sequencing','2009 Mid-Central','4',1425098610,'4',90),
('Gorelians','Go Go Gorelians','2006 Mid-Central','83',1427909367,'7',90),
('GradeSchool','Grade School Multiplication','2011 Mid-Central','44',1425705642,'5',90),
('HexTile','Hex Tile Equations','','',1428127324,'8',90),
('Islands','Islands in the Data Stream ','2013 Greater NY','6',1424491042,'3',90),
('Lampyridae','Lampyridae Teleportae','','',1428127324,'8',90),
('LaserTag','Laser Tag','2011 Mid-Central','100',1425705642,'5',90),
('Leprechaun','The Leprechaun Hunt','2014 Mid-Central','100',1426310855,'6',90),
('LetterCubes','Letter Cubes','2013 Mid-Central','96',1413007659,'1',90),
('Lexicography','Lexicography','2014 Mid-Central','82',1426310855,'6',90),
('LineCircleMaze','Line & Circle Maze','','',1428127324,'8',90),
('MadScientist','Mad Scientist','2010 Mid-Central','13',1423893127,'2',90),
('MazeMakers','The Maze Makers','2014 Mid-Central','89',1426310855,'6',90),
('Mirror','Mirror, Mirror on the Wall','2010 Mid-Central','5',1423893120,'2',90),
('MissingPages','Missing Pages','2013 Mid-Central','9',1413007633,'1',90),
('Multiplication','(More) Multiplication','2014 Mid-Central','67',1426310855,'6',90),
('Numerals','A to Z Numerals','2009 Mid-Central','100',1425098610,'4',90),
('Pachinko','Linear Pachinko','2006 Mid-Central','25',1427909367,'7',90),
('Paradox','Probability Paradox','2013 Mid-Central','99',1413007650,'1',90),
('Parity','Parity','','',1428127324,'8',90),
('PascalPowers','Powers of Pascal','2013 Greater NY','65',1424491042,'3',90),
('Pisano','Pisano Periods','2013 Greater NY','53',1424491042,'3',90),
('PizzaPricing','Pizza Pricing','2011 Mid-Central','6',1425705642,'5',90),
('QueenCollision','Queen Collision','2010 Mid-Central','80',1423893127,'2',90),
('QuickSearch','Quick Search','2010 Mid-Central','96',1423893127,'2',90),
('Quicksum','Quicksum','2006 Mid-Central','4',1427909367,'7',90),
('ReverseRot','Reverse Rot','2014 Mid-Central','5',1426310855,'6',90),
('Ripoff','RIPOFF','2009 Mid-Central','86',1425098610,'4',90),
('RockPaper','Rock, Paper, Scissors','2009 Mid-Central','5',1425098610,'4',90),
('RootProblem','Root of the Problem','2006 Mid-Central','13',1427909367,'7',90),
('RoundRobin','Round Robin','2013 Mid-Central','40',1413007622,'1',90),
('SanMotchi','The Bridges of San Motchi','','',1428127324,'8',90),
('SerialNumbers','Serial Numbers','','',1428127324,'8',90),
('Shrine','Shrine Maintenance','2014 Mid-Central','97',1426310855,'6',90),
('ShutBox','Shut the Box','2011 Mid-Central','98',1425705642,'5',90),
('Sokoban','Sokoban','2011 Mid-Central','60',1425705642,'5',90),
('SortMe','Sort Me','2013 Mid-Central','46',1413007714,'1',90),
('Steganography','Steganography','','',1428127324,'8',90),
('Strahler','Strahler Order','2013 Greater NY','35',1424491042,'3',90),
('Sudominoku','Su-domino-ku','2011 Mid-Central','98',1425705642,'5',90),
('SurprisingStrings','Surprising Strings','2006 Mid-Central','26',1427909367,'7',90),
('TopThis','Top This','2010 Mid-Central','98',1423893127,'2',90),
('TriangleCount','Triangle Count Sequences of Polygon Triangulations','2013 Greater NY','67',1424491042,'3',90),
('UpDown','Up and Down','2009 Mid-Central','99',1425098610,'4',90),
('VonNeumann','Von Neumann\'s Fly','2013 Greater NY','6',1424491042,'3',90),
('Voting','Voting','2010 Mid-Central','4',1423893127,'2',90),
('WelcomeParty','Welcome Party','2013 Mid-Central','92',1413005101,'1',90),
('WetTiles','Wet Tiles','2014 Mid-Central','78',1426310855,'6',90),
('WordCloud','Word Cloud','2014 Mid-Central','59',1426310855,'6',90);
/*!40000 ALTER TABLE `problems` ENABLE KEYS */;
UNLOCK TABLES;

--
-- Table structure for table `submits`
--

DROP TABLE IF EXISTS `submits`;
/*!40101 SET @saved_cs_client     = @@character_set_client */;
/*!40101 SET character_set_client = utf8 */;
CREATE TABLE `submits` (
  `job` int(10) unsigned NOT NULL AUTO_INCREMENT,
  `username` varchar(32) NOT NULL,
  `pid` varchar(32) NOT NULL,
  `submit_time` int(11) unsigned NOT NULL,
  `auto_id` tinyint(1) NOT NULL,
  `file_type` varchar(4) NOT NULL,
  `result` varchar(8) DEFAULT NULL,
  PRIMARY KEY (`job`)
) ENGINE=InnoDB AUTO_INCREMENT=2347 DEFAULT CHARSET=latin1;
/*!40101 SET character_set_client = @saved_cs_client */;

--
-- Dumping data for table `submits`
--

LOCK TABLES `submits` WRITE;
/*!40000 ALTER TABLE `submits` DISABLE KEYS */;
INSERT INTO `submits` VALUES (577,'jacob','MissingPages',1413051368,0,'java','good'),
(578,'will','RoundRobin',1413051986,0,'py','good'),
(579,'jacob','DigitSum',1413052845,0,'java','good'),
(580,'brian','DigitSum',1413052909,0,'java','good'),
(581,'brandonm','DigitSum',1413052967,0,'java','good'),
(582,'dave','MissingPages',1413053492,0,'py','good'),
(583,'will','SortMe',1413054233,0,'java','good'),
(584,'sam','DigitSum',1413054636,0,'java','wrong'),
(585,'sam','DigitSum',1413055035,0,'java','good'),
(586,'brandonm','SortMe',1413055657,0,'java','good'),
(587,'sam','MissingPages',1413055693,0,'java','good'),
(588,'sam','RoundRobin',1413056403,0,'java','runtime'),
(589,'brandonm','MissingPages',1413056553,0,'java','good'),
(590,'sam','RoundRobin',1413056688,0,'java','good'),
(591,'jacob','SortMe',1413057072,0,'java','good'),
(592,'jacob','RoundRobin',1413057404,0,'java','good'),
(593,'jacob','WelcomeParty',1413060245,0,'java','wrong'),
(594,'dave','CashCow',1413060461,0,'py','wrong'),
(595,'dave','CashCow',1413061310,0,'py','good'),
(596,'sam','SortMe',1413062551,0,'java','wrong'),
(597,'brandonm','RoundRobin',1413066760,0,'java','wrong'),
(598,'brandonm','RoundRobin',1413067209,0,'java','wrong'),
(599,'dave','WelcomeParty',1413067969,0,'py','wrong'),
(600,'sam','SortMe',1413068003,0,'java','wrong'),
(601,'jacob','CashCow',1413068368,0,'java','wrong'),
(602,'quinn','SortMe',1413074994,0,'java','good'),
(603,'quinn','MissingPages',1413075015,0,'java','good'),
(604,'quinn','DigitSum',1413075034,0,'java','good'),
(606,'mitchp','RoundRobin',1413082054,0,'java','good'),
(607,'mitchp','MissingPages',1413082104,0,'java','good'),
(608,'mitchp','DigitSum',1413082140,0,'java','runtime'),
(609,'mitchp','DigitSum',1413084126,0,'java','wrong'),
(610,'mitchp','DigitSum',1413084855,0,'java','good'),
(611,'drew','MissingPages',1413084918,0,'java','good'),
(612,'drew','DigitSum',1413084929,0,'java','good'),
(613,'drew','SortMe',1413084941,0,'java','good'),
(614,'mitchp','SortMe',1413086208,0,'java','good'),
(615,'brian','RoundRobin',1413086877,0,'java','good'),
(616,'dave','WelcomeParty',1413091177,0,'py','timeout'),
(617,'dave','WelcomeParty',1413091198,0,'py','timeout'),
(644,'jeromys','SortMe',1413247019,0,'java','wrong'),
(645,'jeromys','SortMe',1413247541,0,'java','good'),
(646,'jeromys','MissingPages',1413251939,0,'java','runtime'),
(647,'jeromys','MissingPages',1413252036,0,'java','good'),
(650,'jeromys','DigitSum',1413308866,0,'java','good'),
(657,'merediths','DigitSum',1413492214,0,'java','good'),
(658,'merediths','MissingPages',1413512550,0,'java','good'),
(662,'chrisb','MissingPages',1413783732,0,'java','good'),
(663,'chrisb','DigitSum',1413783762,0,'java','good'),
(664,'chrisb','RoundRobin',1413783785,0,'java','good'),
(665,'brandonm','RoundRobin',1413822046,0,'java','good'),
(667,'willa','DigitSum',1413845955,0,'py','good'),
(677,'willa','SortMe',1413909092,0,'py','runtime'),
(678,'willa','SortMe',1413909119,0,'py','runtime'),
(679,'willa','SortMe',1413909590,0,'py','runtime'),
(682,'willa','SortMe',1413912692,0,'py','runtime'),
(683,'willa','SortMe',1413912814,0,'py','good'),
(696,'willa','MissingPages',1414031774,0,'py','good'),
(703,'mitchp','LetterCubes',1414278334,0,'java','wrong'),
(704,'mitchp','LetterCubes',1414278589,0,'java','good'),
(745,'willa','RoundRobin',1415739765,0,'py','wrong'),
(746,'willa','RoundRobin',1415739818,0,'py','good'),
(806,'mitchp','CashCow',1418024373,0,'java','wrong'),
(807,'mitchp','CashCow',1418025479,0,'java','wrong'),
(808,'mitchp','CashCow',1418027539,0,'java','good'),
(818,'justinm','SortMe',1418611326,0,'java','wrong'),
(819,'justinm','SortMe',1418611387,0,'java','good'),
(820,'justinm','RoundRobin',1418613779,0,'java','good'),
(821,'justinm','MissingPages',1418662529,0,'java','good'),
(822,'justinm','DigitSum',1418663404,0,'java','good'),
(823,'justinm','WelcomeParty',1418670260,0,'java','timeout'),
(824,'justinm','WelcomeParty',1418670583,0,'java','timeout'),
(830,'willa','CashCow',1418928091,0,'java','good'),
(831,'justinm','CashCow',1418928330,0,'java','good'),
(862,'remydf','MissingPages',1421904063,0,'cpp','good'),
(863,'remydf','DigitSum',1421905032,0,'cpp','good'),
(874,'remydf','SortMe',1421984160,0,'cpp','good'),
(875,'remydf','RoundRobin',1421985272,0,'cpp','runtime'),
(876,'remydf','RoundRobin',1421985378,0,'cpp','wrong'),
(877,'remydf','RoundRobin',1421985781,0,'cpp','wrong'),
(878,'remydf','RoundRobin',1421986317,0,'cpp','wrong'),
(879,'remydf','RoundRobin',1421986464,0,'cpp','good'),
(909,'dave','SortMe',1422382041,0,'py','good'),
(910,'dave','RoundRobin',1422384564,0,'go','good'),
(911,'dave','DigitSum',1422386094,0,'go','wrong'),
(912,'dave','DigitSum',1422386177,0,'go','good'),
(929,'dillon','DigitSum',1422487703,0,'java','good'),
(952,'dillon','MissingPages',1422493676,0,'java','good'),
(968,'kaitlync','DigitSum',1422519722,0,'java','runtime'),
(969,'kaitlync','DigitSum',1422520114,0,'java','wrong'),
(970,'kaitlync','DigitSum',1422520258,0,'java','wrong'),
(971,'kaitlync','DigitSum',1422520584,0,'java','wrong'),
(972,'kaitlync','DigitSum',1422520899,0,'java','wrong'),
(973,'kaitlync','DigitSum',1422544112,0,'java','good'),
(974,'kaitlync','DigitSum',1422544124,0,'java','good'),
(975,'kaitlync','MissingPages',1422546007,0,'java','runtime'),
(976,'kaitlync','MissingPages',1422546389,0,'java','good'),
(991,'dillon','RoundRobin',1422570648,0,'java','wrong'),
(1003,'dillon','RoundRobin',1422577677,0,'java','runtime'),
(1006,'dillon','RoundRobin',1422578334,0,'java','runtime'),
(1009,'dillon','SortMe',1422582533,0,'java','good'),
(1164,'dillon','RoundRobin',1423193676,0,'java','good'),
(1170,'dillon','CashCow',1423238365,0,'java','runtime'),
(1171,'dillon','CashCow',1423238674,0,'java','wrong'),
(1200,'brandonm','CashCow',1423332083,0,'java','wrong'),
(1201,'brandonm','CashCow',1423353862,0,'java','good'),
(1221,'john_mac','MissingPages',1423452798,0,'java','wrong'),
(1222,'john_mac','MissingPages',1423453102,0,'java','good'),
(1236,'john_mac','DigitSum',1423517034,0,'java','wrong'),
(1290,'brian','SortMe',1423611203,0,'java','good'),
(1293,'brian','SortMe',1423612773,0,'java','good'),
(1307,'brian','MissingPages',1423680815,0,'java','good'),
(1319,'caioalves','MissingPages',1423700370,0,'java','good'),
(1376,'dillon','CashCow',1423768447,0,'java','good'),
(1417,'alexeipillen','SortMe',1423891027,0,'java','good'),
(1421,'remydf','Voting',1423930382,0,'cpp','wrong'),
(1422,'remydf','Voting',1423930554,0,'cpp','wrong'),
(1423,'caioalves','Voting',1423930718,0,'java','good'),
(1424,'caioalves','Voting',1423930858,0,'java','good'),
(1425,'remydf','Voting',1423931126,0,'cpp','good'),
(1426,'mitchp','Voting',1423931391,0,'java','good'),
(1427,'justinm','Voting',1423931399,0,'java','good'),
(1428,'dillon','Voting',1423931617,0,'java','good'),
(1429,'will','Voting',1423931625,0,'java','good'),
(1430,'brian','Voting',1423931625,0,'java','good'),
(1431,'drew','Voting',1423931705,0,'java','good'),
(1432,'dave','Voting',1423931724,0,'py','good'),
(1433,'willa','MadScientist',1423931730,0,'java','good'),
(1434,'caioalves','MadScientist',1423931830,0,'java','wrong'),
(1435,'remydf','Calculation',1423931886,0,'cpp','good'),
(1436,'caioalves','MadScientist',1423931963,0,'java','wrong'),
(1437,'justinm','MadScientist',1423932008,0,'java','good'),
(1438,'merediths','MadScientist',1423932056,0,'java','good'),
(1439,'waynenolen','Voting',1423932140,0,'java','wrong'),
(1440,'remydf','MadScientist',1423932150,0,'cpp','good'),
(1441,'dave','Mirror',1423932165,0,'py','good'),
(1442,'mitchp','Calculation',1423932193,0,'java','good'),
(1443,'will','Mirror',1423932203,0,'java','wrong'),
(1444,'willa','Voting',1423932253,0,'java','good'),
(1445,'jacob','Voting',1423932354,0,'java','good'),
(1446,'will','Mirror',1423932390,0,'java','good'),
(1447,'waynenolen','Voting',1423932411,0,'java','good'),
(1448,'mitchp','MadScientist',1423932492,0,'java','good'),
(1449,'brian','Mirror',1423932543,0,'java','good'),
(1450,'drew','Mirror',1423932577,0,'java','good'),
(1451,'remydf','Mirror',1423932588,0,'cpp','wrong'),
(1452,'justinm','Mirror',1423932641,0,'java','good'),
(1453,'remydf','Mirror',1423932875,0,'cpp','good'),
(1454,'mitchp','Mirror',1423932907,0,'java','good'),
(1455,'dave','Calculation',1423932968,0,'py','good'),
(1456,'brian','MadScientist',1423932981,0,'java','good'),
(1457,'willa','Mirror',1423933075,0,'java','good'),
(1458,'merediths','Voting',1423933123,0,'java','good'),
(1459,'dillon','Mirror',1423933185,0,'java','wrong'),
(1460,'caioalves','Mirror',1423933276,0,'java','good'),
(1461,'dave','MadScientist',1423933322,0,'py','good'),
(1462,'drew','MadScientist',1423933703,0,'java','good'),
(1463,'jeffw','Calculation',1423933836,0,'java','wrong'),
(1464,'justinm','Calculation',1423934018,0,'java','good'),
(1465,'merediths','Mirror',1423934022,0,'java','good'),
(1466,'jeromys','Voting',1423934329,0,'java','good'),
(1467,'quinn','Voting',1423934462,0,'java','good'),
(1468,'brian','Calculation',1423934726,0,'java','good'),
(1469,'will','Calculation',1423934824,0,'java','good'),
(1470,'remydf','Egyptian',1423935016,0,'cpp','good'),
(1471,'waynenolen','Mirror',1423935065,0,'java','wrong'),
(1472,'waynenolen','Mirror',1423935348,0,'java','wrong'),
(1473,'will','MadScientist',1423935400,0,'java','good'),
(1474,'waynenolen','Mirror',1423935512,0,'java','wrong'),
(1475,'jeromys','Mirror',1423935632,0,'java','good'),
(1476,'john_mac','Voting',1423935686,0,'java','wrong'),
(1477,'caioalves','Calculation',1423935748,0,'java','wrong'),
(1478,'dillon','Calculation',1423935766,0,'java','wrong'),
(1479,'caioalves','Calculation',1423935795,0,'java','wrong'),
(1480,'waynenolen','Mirror',1423935876,0,'java','wrong'),
(1481,'dave','Compression',1423935880,0,'py','runtime'),
(1482,'dave','Compression',1423936000,0,'py','good'),
(1483,'willa','Calculation',1423936086,0,'java','good'),
(1484,'caioalves','Calculation',1423936122,0,'java','good'),
(1485,'waynenolen','Mirror',1423936199,0,'java','good'),
(1486,'mitchp','Egyptian',1423936494,0,'java','timeout'),
(1487,'jeromys','MadScientist',1423936506,0,'java','good'),
(1488,'john_mac','Voting',1423936530,0,'java','wrong'),
(1489,'caioalves','MadScientist',1423936538,0,'java','good'),
(1490,'drew','Calculation',1423936728,0,'java','wrong'),
(1491,'dillon','Mirror',1423936801,0,'java','wrong'),
(1492,'mitchp','Egyptian',1423937003,0,'java','timeout'),
(1493,'dave','Egyptian',1423937031,0,'py','good'),
(1494,'john_mac','Voting',1423937145,0,'java','wrong'),
(1495,'merediths','Calculation',1423937203,0,'java','good'),
(1496,'dillon','Mirror',1423937207,0,'java','good'),
(1497,'justinm','Compression',1423937376,0,'java','good'),
(1498,'mitchp','Egyptian',1423937393,0,'java','timeout'),
(1499,'jeromys','Calculation',1423937430,0,'java','good'),
(1500,'remydf','Compression',1423937514,0,'cpp','runtime'),
(1501,'dillon','Calculation',1423937597,0,'java','good'),
(1502,'jeffw','Voting',1423937605,0,'java','wrong'),
(1503,'jeffw','Voting',1423937652,0,'java','wrong'),
(1504,'john_mac','Voting',1423937742,0,'java','good'),
(1505,'jeffw','Voting',1423937810,0,'java','good'),
(1506,'remydf','Compression',1423937822,0,'cpp','good'),
(1507,'brian','QueenCollision',1423937957,0,'java','good'),
(1508,'waynenolen','MadScientist',1423938052,0,'java','good'),
(1509,'drew','Calculation',1423938139,0,'java','wrong'),
(1510,'dave','QueenCollision',1423938193,0,'py','timeout'),
(1511,'john_mac','Calculation',1423938443,0,'java','wrong'),
(1512,'dillon','MadScientist',1423938998,0,'java','good'),
(1513,'jeffw','Calculation',1423939262,0,'java','wrong'),
(1514,'john_mac','Calculation',1423939275,0,'java','good'),
(1515,'will','Egyptian',1423939427,0,'java','timeout'),
(1516,'mitchp','QueenCollision',1423939452,0,'java','good'),
(1517,'dave','QueenCollision',1423939490,0,'go','good'),
(1518,'jeffw','Calculation',1423939993,0,'java','wrong'),
(1519,'justinm','Egyptian',1423940072,0,'java','timeout'),
(1520,'remydf','QueenCollision',1423940472,0,'cpp','good'),
(1521,'jacob','Mirror',1423940501,0,'java','good'),
(1522,'quinn','Mirror',1423940839,0,'java','good'),
(1523,'drew','Calculation',1423941440,0,'java','wrong'),
(1524,'brian','Compression',1423941480,0,'java','good'),
(1525,'drew','Calculation',1423941507,0,'java','wrong'),
(1526,'jeffw','Calculation',1423941518,0,'java','wrong'),
(1527,'drew','Calculation',1423941521,0,'java','wrong'),
(1528,'dillon','Compression',1423941575,0,'java','compile'),
(1529,'jeromys','Egyptian',1423941596,0,'java','timeout'),
(1530,'justinm','QueenCollision',1423941738,0,'java','timeout'),
(1531,'justinm','QueenCollision',1423941829,0,'java','timeout'),
(1532,'justinm','QueenCollision',1423941934,0,'java','good'),
(1533,'drew','QueenCollision',1423947715,0,'java','runtime'),
(1534,'drew','QueenCollision',1423947760,0,'java','runtime'),
(1536,'drew','QueenCollision',1423949025,0,'java','runtime'),
(1537,'quinn','MadScientist',1423953153,0,'java','wrong'),
(1538,'quinn','MadScientist',1423953823,0,'java','good'),
(1539,'dillon','MadScientist',1423973155,0,'java','compile'),
(1540,'brian','MadScientist',1423978983,0,'java','good'),
(1541,'brian','Compression',1423985723,0,'java','wrong'),
(1542,'brian','Compression',1423986892,0,'java','good'),
(1544,'drew','QueenCollision',1424014082,0,'java','runtime'),
(1545,'brandonm','Voting',1424023248,0,'java','good'),
(1546,'brandonm','Mirror',1424024466,0,'java','good'),
(1547,'drew','QueenCollision',1424029792,0,'java','good'),
(1548,'brandonm','MadScientist',1424030657,0,'java','good'),
(1549,'brandonm','Calculation',1424034723,0,'java','runtime'),
(1550,'brandonm','Calculation',1424034879,0,'java','wrong'),
(1551,'brandonm','Calculation',1424036505,0,'java','good'),
(1552,'john_mac','Mirror',1424045840,0,'java','good'),
(1554,'sam','Voting',1424050199,0,'java','good'),
(1555,'remydf','Compression',1424051564,0,'cpp','compile'),
(1556,'remydf','Compression',1424051610,0,'cpp','good'),
(1557,'remydf','Compression',1424051827,0,'cpp','good'),
(1560,'jeffw','Calculation',1424101671,0,'java','wrong'),
(1561,'dillon','Compression',1424102057,0,'java','good'),
(1571,'jeffw','Mirror',1424117684,0,'java','good'),
(1584,'john_mac','MadScientist',1424134293,0,'java','good'),
(1585,'caioalves','QueenCollision',1424153526,0,'java','timeout'),
(1586,'caioalves','QueenCollision',1424153632,0,'java','good'),
(1623,'jeffw','MissingPages',1424294807,0,'java','good'),
(1662,'carlosdrury','Voting',1424320399,0,'java','good'),
(1663,'carlosdrury','Mirror',1424321750,0,'java','wrong'),
(1664,'carlosdrury','Mirror',1424321830,0,'java','wrong'),
(1667,'carlosdrury','Mirror',1424359455,0,'java','wrong'),
(1679,'brian','CashCow',1424383644,0,'java','wrong'),
(1680,'dillon','QueenCollision',1424384976,0,'java','good'),
(1682,'brandonm','QueenCollision',1424434992,0,'java','good'),
(1685,'caioalves','DigitSum',1424461880,0,'java','wrong'),
(1686,'caioalves','DigitSum',1424461928,0,'java','wrong'),
(1687,'caioalves','DigitSum',1424462004,0,'java','wrong'),
(1689,'brian','CashCow',1424480873,0,'java','good'),
(1691,'mitchp','VonNeumann',1424534711,0,'java','good'),
(1692,'mitchp','Islands',1424534989,0,'java','good'),
(1693,'remydf','Islands',1424535375,0,'cpp','good'),
(1694,'dave','Islands',1424535417,0,'py','good'),
(1695,'drew','VonNeumann',1424535532,0,'java','wrong'),
(1696,'drew','VonNeumann',1424535584,0,'java','good'),
(1697,'dave','VonNeumann',1424535938,0,'py','good'),
(1698,'john_mac','Islands',1424536008,0,'java','good'),
(1699,'drew','Islands',1424536142,0,'java','good'),
(1700,'remydf','VonNeumann',1424536212,0,'cpp','good'),
(1701,'brian','Islands',1424536347,0,'java','good'),
(1702,'will','Islands',1424536406,0,'java','good'),
(1703,'mitchp','Strahler',1424536978,0,'java','wrong'),
(1704,'dave','Strahler',1424537964,0,'py','wrong'),
(1705,'dave','Strahler',1424538077,0,'py','wrong'),
(1706,'dave','Strahler',1424538279,0,'py','good'),
(1707,'john_mac','VonNeumann',1424538365,0,'java','wrong'),
(1708,'john_mac','VonNeumann',1424538414,0,'java','good'),
(1709,'waynenolen','VonNeumann',1424539194,0,'java','wrong'),
(1710,'waynenolen','VonNeumann',1424539463,0,'java','wrong'),
(1711,'mitchp','Strahler',1424539545,0,'java','wrong'),
(1712,'jeromys','Islands',1424539559,0,'java','good'),
(1713,'waynenolen','VonNeumann',1424539566,0,'java','wrong'),
(1714,'will','Strahler',1424539585,0,'java','wrong'),
(1715,'waynenolen','VonNeumann',1424540075,0,'java','good'),
(1716,'remydf','Strahler',1424540444,0,'cpp','good'),
(1717,'waynenolen','Islands',1424540972,0,'java','good'),
(1718,'brian','Strahler',1424540980,0,'java','good'),
(1719,'will','Strahler',1424541067,0,'java','wrong'),
(1720,'will','Strahler',1424541531,0,'java','wrong'),
(1721,'will','Strahler',1424542116,0,'java','wrong'),
(1722,'mitchp','Strahler',1424542647,0,'java','good'),
(1723,'jeromys','Strahler',1424543431,0,'java','wrong'),
(1724,'dave','Chomp',1424544088,0,'py','runtime'),
(1725,'john_mac','Pisano',1424544328,0,'java','wrong'),
(1726,'jeromys','VonNeumann',1424544629,0,'java','wrong'),
(1727,'will','VonNeumann',1424544818,0,'java','wrong'),
(1728,'jeromys','VonNeumann',1424544845,0,'java','wrong'),
(1729,'drew','Strahler',1324544967,0,'py','compile'),
(1730,'john_mac','Pisano',1424544986,0,'java','wrong'),
(1731,'will','VonNeumann',1424544997,0,'java','good'),
(1732,'jeromys','VonNeumann',1424545041,0,'java','good'),
(1733,'john_mac','Pisano',1424545762,0,'java','wrong'),
(1734,'drew','Strahler',1424548638,0,'java','wrong'),
(1735,'drew','Strahler',1424551980,0,'java','wrong'),
(1736,'drew','Strahler',1424552635,0,'java','wrong'),
(1737,'drew','Strahler',1424552869,0,'java','wrong'),
(1738,'drew','Strahler',1424552917,0,'java','wrong'),
(1739,'drew','Strahler',1424553066,0,'java','good'),
(1740,'brian','VonNeumann',1424556518,0,'java','wrong'),
(1741,'brian','VonNeumann',1424556552,0,'java','good'),
(1742,'john_mac','Pisano',1424559988,0,'java','good'),
(1743,'dave','Pisano',1424565866,0,'cpp','good'),
(1744,'mitchp','Pisano',1424566136,0,'java','wrong'),
(1745,'mitchp','Pisano',1424566299,0,'java','good'),
(1746,'dave','Deranged',1424568543,0,'py','good'),
(1747,'mitchp','Deranged',1424569096,0,'java','good'),
(1748,'dave','Deranged',1424569100,0,'cpp','good'),
(1749,'mitchp','Deranged',1424570256,0,'java','good'),
(1750,'mitchp','PascalPowers',1424572299,0,'java','good'),
(1751,'dave','Egyptian',1424574725,0,'java','good'),
(1752,'dave','PascalPowers',1424575309,0,'py','good'),
(1753,'willa','QueenCollision',1424579604,0,'java','good'),
(1754,'dave','TriangleCount',1424580703,0,'py','good'),
(1755,'mitchp','TriangleCount',1424581508,0,'java','runtime'),
(1756,'mitchp','TriangleCount',1424582057,0,'java','good'),
(1757,'waynenolen','Pisano',1424582396,0,'cpp','wrong'),
(1758,'waynenolen','Pisano',1424582796,0,'cpp','good'),
(1760,'brian','Pisano',1424629253,0,'java','wrong'),
(1761,'brian','Pisano',1424629825,0,'java','good'),
(1765,'drew','Pisano',1424657488,0,'java','good'),
(1766,'drew','RoundRobin',1424659073,0,'java','runtime'),
(1767,'drew','RoundRobin',1424659484,0,'java','wrong'),
(1768,'drew','RoundRobin',1424659699,0,'java','wrong'),
(1769,'drew','RoundRobin',1424659827,0,'java','runtime'),
(1770,'drew','RoundRobin',1424659983,0,'java','wrong'),
(1771,'drew','RoundRobin',1424661225,0,'java','good'),
(1773,'brian','Strahler',1424705221,0,'java','wrong'),
(1775,'brian','Strahler',1424708082,0,'java','good'),
(1785,'willa','Egyptian',1424748901,0,'java','runtime'),
(1786,'willa','Egyptian',1424748994,0,'java','good'),
(1788,'willa','Pisano',1424799382,0,'java','timeout'),
(1789,'willa','Pisano',1424799650,0,'java','wrong'),
(1790,'willa','Pisano',1424799702,0,'java','good'),
(1791,'willa','VonNeumann',1424800909,0,'java','good'),
(1792,'mitchp','Compression',1424809120,0,'java','good'),
(1793,'willa','Strahler',1424811242,0,'java','good'),
(1794,'mitchp','Egyptian',1424811324,0,'java','good'),
(1798,'justinm','Islands',1424820309,0,'java','good'),
(1801,'remydf','Pisano',1424825988,0,'cpp','good'),
(1828,'justinm','Strahler',1424914491,0,'java','good'),
(1829,'justinm','Strahler',1424914558,0,'java','compile'),
(1830,'justinm','Strahler',1424914595,0,'java','good'),
(1833,'brian','QueenCollision',1424923762,0,'java','good'),
(1834,'caioalves','Compression',1424924287,0,'java','wrong'),
(1835,'caioalves','Compression',1424924353,0,'java','good'),
(1839,'brandonm','Compression',1424998202,0,'java','good'),
(1841,'justinm','WelcomeParty',1425002927,0,'java','wrong'),
(1843,'drew','Compression',1425005759,0,'java','good'),
(1856,'remydf','Gnome',1425139436,0,'cpp','good'),
(1857,'brian','Duplicate',1425139516,0,'java','good'),
(1858,'drew','Gnome',1425139524,0,'java','good'),
(1859,'will','Duplicate',1425139525,0,'java','wrong'),
(1860,'mitchp','Gnome',1425139558,0,'java','good'),
(1861,'justinm','Gnome',1425139576,0,'java','good'),
(1862,'brian','Gnome',1425139750,0,'java','good'),
(1863,'remydf','Duplicate',1425139771,0,'cpp','good'),
(1864,'mitchp','Duplicate',1425139793,0,'java','good'),
(1865,'will','Duplicate',1425139847,0,'java','good'),
(1866,'justinm','Duplicate',1425139856,0,'java','good'),
(1867,'brandonm','Gnome',1425139867,0,'java','good'),
(1868,'willa','Gnome',1425139939,0,'java','good'),
(1869,'john_mac','Gnome',1425139954,0,'java','good'),
(1870,'jeromys','Gnome',1425140057,0,'java','good'),
(1871,'drew','Duplicate',1425140080,0,'java','good'),
(1872,'will','Gnome',1425140115,0,'java','good'),
(1873,'brian','RockPaper',1425140147,0,'java','good'),
(1874,'mitchp','RockPaper',1425140175,0,'java','good'),
(1875,'justinm','RockPaper',1425140271,0,'java','good'),
(1876,'remydf','RockPaper',1425140348,0,'cpp','good'),
(1877,'caioalves','Gnome',1425140415,0,'java','good'),
(1878,'brandonm','Duplicate',1425140418,0,'java','good'),
(1879,'carlosdrury','Gnome',1425140419,0,'java','good'),
(1880,'willa','Duplicate',1425140440,0,'java','good'),
(1881,'will','RockPaper',1425140614,0,'java','good'),
(1882,'drew','RockPaper',1425140662,0,'java','good'),
(1883,'jeromys','Duplicate',1425140880,0,'java','good'),
(1884,'brandonm','RockPaper',1425140998,0,'java','good'),
(1885,'willa','RockPaper',1425141317,0,'java','good'),
(1886,'jeromys','RockPaper',1425141415,0,'java','good'),
(1887,'carlosdrury','Duplicate',1425141730,0,'java','wrong'),
(1888,'john_mac','Duplicate',1425141852,0,'java','good'),
(1889,'caioalves','Duplicate',1425141885,0,'java','good'),
(1890,'remydf','Dull',1425141954,0,'cpp','good'),
(1891,'mitchp','Dull',1425142012,0,'java','good'),
(1892,'carlosdrury','Duplicate',1425142296,0,'java','good'),
(1893,'justinm','UpDown',1425142709,0,'java','runtime'),
(1894,'caioalves','RockPaper',1425142869,0,'java','wrong'),
(1895,'caioalves','RockPaper',1425142915,0,'java','good'),
(1896,'carlosdrury','RockPaper',1425143037,0,'java','good'),
(1897,'john_mac','RockPaper',1425143052,0,'java','good'),
(1898,'waynenolen','Gnome',1425143451,0,'java','wrong'),
(1899,'waynenolen','Gnome',1425143613,0,'java','good'),
(1900,'quinn','Gnome',1425143713,0,'java','wrong'),
(1901,'brian','Dull',1425143735,0,'java','good'),
(1902,'quinn','Gnome',1425144086,0,'java','good'),
(1903,'remydf','UpDown',1425144262,0,'cpp','timeout'),
(1904,'waynenolen','Duplicate',1425144900,0,'java','runtime'),
(1905,'waynenolen','Duplicate',1425145044,0,'java','good'),
(1906,'brian','UpDown',1425145146,0,'java','timeout'),
(1907,'justinm','Dull',1425145436,0,'java','good'),
(1908,'mitchp','Ripoff',1425145504,0,'java','good'),
(1909,'willa','Dull',1425145781,0,'java','wrong'),
(1910,'brandonm','Dull',1425145917,0,'java','good'),
(1911,'waynenolen','RockPaper',1425145935,0,'java','good'),
(1912,'willa','Dull',1425146130,0,'java','good'),
(1913,'remydf','Ripoff',1425146142,0,'cpp','wrong'),
(1914,'remydf','Ripoff',1425146237,0,'cpp','good'),
(1915,'justinm','UpDown',1425146760,0,'java','wrong'),
(1916,'brian','UpDown',1425147399,0,'java','timeout'),
(1917,'drew','Dull',1425147458,0,'java','wrong'),
(1918,'remydf','UpDown',1425147472,0,'cpp','timeout'),
(1919,'drew','Dull',1425147599,0,'java','good'),
(1920,'will','Dull',1425147757,0,'java','good'),
(1921,'justinm','UpDown',1425148341,0,'java','wrong'),
(1922,'mitchp','CellTowers',1425149102,0,'java','good'),
(1923,'brian','Ripoff',1425149128,0,'java','timeout'),
(1924,'brian','Ripoff',1425149592,0,'java','good'),
(1925,'brian','Ripoff',1425149593,0,'java','good'),
(1926,'caioalves','Dull',1425149699,0,'java','wrong'),
(1927,'caioalves','Dull',1425149767,0,'java','wrong'),
(1928,'will','CellTowers',1425149995,0,'java','wrong'),
(1929,'brandonm','Ripoff',1425150004,0,'java','runtime'),
(1930,'brandonm','Ripoff',1425155884,0,'java','timeout'),
(1931,'brandonm','Ripoff',1425156035,0,'java','timeout'),
(1932,'caioalves','Dull',1425156630,0,'java','wrong'),
(1933,'caioalves','Dull',1425156776,0,'java','wrong'),
(1934,'drew','Ripoff',1425157247,0,'java','timeout'),
(1935,'drew','Ripoff',1425157404,0,'java','wrong'),
(1936,'drew','Ripoff',1425157491,0,'java','timeout'),
(1937,'caioalves','Dull',1425158591,0,'java','runtime'),
(1938,'caioalves','Dull',1425158651,0,'java','wrong'),
(1939,'drew','Ripoff',1425160844,0,'java','timeout'),
(1940,'jacob','Gnome',1425169360,0,'java','runtime'),
(1941,'jacob','Gnome',1425169414,0,'java','wrong'),
(1942,'jacob','Gnome',1425169535,0,'java','good'),
(1943,'jacob','RockPaper',1425171897,0,'java','good'),
(1946,'jacob','Duplicate',1425178390,0,'java','good'),
(1947,'jacob','Islands',1425180707,0,'java','good'),
(1948,'drew','Ripoff',1425180768,0,'java','good'),
(1950,'will','CellTowers',1425186447,0,'java','wrong'),
(1951,'will','CellTowers',1425187773,0,'java','wrong'),
(1952,'brian','Gnome',1425227861,0,'java','good'),
(1953,'brian','Dull',1425229525,0,'java','good'),
(1954,'brian','Duplicate',1425230092,0,'java','good'),
(1955,'brian','RockPaper',1425230561,0,'java','good'),
(1956,'brian','Ripoff',1425231738,0,'java','good'),
(1959,'will','CellTowers',1425310509,0,'java','wrong'),
(1960,'will','CellTowers',1425320985,0,'java','wrong'),
(1961,'will','CellTowers',1425322333,0,'java','good'),
(1962,'brian','CellTowers',1425322994,0,'java','wrong'),
(1963,'jeromys','Compression',1425343909,0,'java','wrong'),
(1964,'jeromys','Compression',1425345961,0,'java','good'),
(1966,'will','Compression',1425350994,0,'java','good'),
(1970,'mitchp','UpDown',1425365169,0,'java','wrong'),
(1971,'will','Compression',1425414578,0,'java','runtime'),
(1972,'will','Compression',1425414870,0,'java','good'),
(1974,'will','Strahler',1425421857,0,'java','good'),
(1984,'lucyr','Voting',1425441764,0,'java','good'),
(1991,'dillon','Gnome',1425488591,0,'java','wrong'),
(1992,'dillon','Gnome',1425488623,0,'java','wrong'),
(1994,'dillon','Gnome',1425510947,0,'java','wrong'),
(1995,'dillon','RockPaper',1425511602,0,'java','good'),
(1996,'dillon','Duplicate',1425512389,0,'java','good'),
(1999,'jeromys','Strahler',1425516680,0,'java','wrong'),
(2000,'mitchj','Strahler',1425517402,0,'java','good'),
(2002,'merediths','Strahler',1425517930,0,'java','runtime'),
(2003,'jeromys','Strahler',1425524189,0,'java','good'),
(2004,'merediths','Strahler',1425531615,0,'java','runtime'),
(2008,'lucyr','Gnome',1425534555,0,'java','good'),
(2010,'jeffw','MadScientist',1425594985,0,'java','good'),
(2013,'mitchp','QuickSearch',1425670733,0,'java','wrong'),
(2019,'brandonm','Strahler',1425740980,0,'java','good'),
(2020,'willa','PizzaPricing',1425744712,0,'java','good'),
(2021,'dave','FridgeMagnets',1425744725,0,'py','good'),
(2022,'brian','PizzaPricing',1425744802,0,'java','good'),
(2023,'jeromys','PizzaPricing',1425744806,0,'java','good'),
(2024,'caioalves','PizzaPricing',1425744956,0,'cpp','good'),
(2025,'jeromys','FridgeMagnets',1425745081,0,'java','good'),
(2026,'brian','FridgeMagnets',1425745132,0,'java','good'),
(2027,'willa','FridgeMagnets',1425745152,0,'java','good'),
(2028,'caioalves','FridgeMagnets',1425745240,0,'cpp','good'),
(2029,'dave','PizzaPricing',1425746787,0,'java','wrong'),
(2030,'dave','PizzaPricing',1425746835,0,'java','good'),
(2031,'brian','GradeSchool',1425746909,0,'java','good'),
(2032,'dave','GradeSchool',1425747071,0,'py','good'),
(2033,'willa','CrashGo',1425747198,0,'java','wrong');
INSERT INTO `submits` (`job`, `username`, `pid`, `submit_time`, `auto_id`, `file_type`, `result`) VALUES
(2034,'caioalves','GradeSchool',1425747310,0,'cpp','good'),
(2035,'jeromys','GradeSchool',1425747390,0,'java','wrong'),
(2036,'jeromys','GradeSchool',1425747740,0,'java','wrong'),
(2037,'dave','CrashGo',1425748033,0,'py','good'),
(2038,'brandonm','PizzaPricing',1425748409,0,'java','good'),
(2039,'jeromys','GradeSchool',1425748709,0,'java','wrong'),
(2040,'brandonm','FridgeMagnets',1425748924,0,'java','runtime'),
(2041,'brandonm','FridgeMagnets',1425749051,0,'java','runtime'),
(2042,'brandonm','FridgeMagnets',1425749353,0,'java','good'),
(2043,'dave','Sokoban',1425750869,0,'java','good'),
(2044,'jeromys','GradeSchool',1425750966,0,'java','good'),
(2045,'brian','CrashGo',1425751505,0,'java','wrong'),
(2046,'willa','Sokoban',1425752497,0,'java','wrong'),
(2047,'brian','CrashGo',1425752550,0,'java','good'),
(2048,'brian','Sokoban',1425753003,0,'java','runtime'),
(2049,'brian','Sokoban',1425753857,0,'java','good'),
(2050,'jeromys','Sokoban',1425754076,0,'java','good'),
(2051,'jeromys','CrashGo',1425755048,0,'java','timeout'),
(2052,'willa','GradeSchool',1425755098,0,'java','wrong'),
(2054,'remydf','PizzaPricing',1425764455,0,'cpp','compile'),
(2055,'remydf','PizzaPricing',1425764476,0,'cpp','compile'),
(2056,'remydf','PizzaPricing',1425764509,0,'cpp','good'),
(2057,'remydf','FridgeMagnets',1425764834,0,'cpp','good'),
(2058,'mitchp','PizzaPricing',1425766866,0,'java','good'),
(2059,'remydf','GradeSchool',1425767009,0,'cpp','good'),
(2060,'mitchp','FridgeMagnets',1425767183,0,'java','good'),
(2061,'caioalves','Sokoban',1425767340,0,'java','wrong'),
(2062,'caioalves','Sokoban',1425767510,0,'java','wrong'),
(2063,'mitchp','GradeSchool',1425768283,0,'java','good'),
(2064,'mitchp','Sokoban',1425775188,0,'java','good'),
(2065,'dillon','GradeSchool',1425778938,0,'java','good'),
(2066,'mitchp','CrashGo',1425779018,0,'java','wrong'),
(2067,'dillon','Gnome',1425779173,0,'java','good'),
(2068,'mitchp','CrashGo',1425779198,0,'java','wrong'),
(2069,'mitchp','CrashGo',1425779739,0,'java','wrong'),
(2070,'dillon','Islands',1425779980,0,'java','good'),
(2071,'dillon','PizzaPricing',1425781572,0,'java','good'),
(2072,'dillon','FridgeMagnets',1425782638,0,'java','good'),
(2073,'dillon','VonNeumann',1425783711,0,'java','good'),
(2074,'dillon','Strahler',1425785716,0,'java','good'),
(2075,'dillon','Dull',1425787396,0,'java','good'),
(2076,'dillon','Pisano',1425789732,0,'java','good'),
(2077,'merediths','CrashGo',1425801266,0,'java','wrong'),
(2078,'brian','FridgeMagnets',1425848952,0,'java','good'),
(2080,'brian','Sokoban',1425866648,0,'java','good'),
(2084,'brandonm','Islands',1425903702,0,'java','good'),
(2085,'brandonm','VonNeumann',1425905181,0,'java','good'),
(2086,'brandonm','GradeSchool',1425910618,0,'java','good'),
(2087,'dillon','CrashGo',1425914627,0,'java','good'),
(2088,'dillon','Sokoban',1425920709,0,'java','good'),
(2091,'brandonm','Pisano',1425933651,0,'java','good'),
(2123,'dillon','Egyptian',1425962395,0,'java','good'),
(2124,'brandonm','Sokoban',1426021900,0,'java','wrong'),
(2125,'brandonm','Sokoban',1426023541,0,'java','wrong'),
(2128,'brandonm','Sokoban',1426078854,0,'java','runtime'),
(2129,'brandonm','Sokoban',1426078965,0,'java','wrong'),
(2130,'brandonm','Sokoban',1426079062,0,'java','wrong'),
(2131,'brandonm','Sokoban',1426079473,0,'java','good'),
(2133,'mitchp','Ripoff',1426100860,0,'java','good'),
(2134,'will','Strahler',1426112394,0,'java','compile'),
(2135,'will','Strahler',1426112428,0,'java','wrong'),
(2136,'will','Strahler',1426112909,0,'java','good'),
(2137,'merediths','Strahler',1426116035,0,'java','runtime'),
(2138,'lucyr','RockPaper',1426118302,0,'java','good'),
(2145,'jeffw','RoundRobin',1426198300,0,'java','runtime'),
(2146,'jeffw','RoundRobin',1426198608,0,'java','runtime'),
(2147,'jeffw','RoundRobin',1426198634,0,'java','runtime'),
(2148,'jeffw','RoundRobin',1426198678,0,'java','runtime'),
(2149,'jeffw','RoundRobin',1426198798,0,'java','runtime'),
(2150,'willa','Islands',1426220274,0,'py','wrong'),
(2151,'willa','Islands',1426220365,0,'py','good'),
(2156,'brian','Sudominoku',1426289002,0,'java','good'),
(2158,'brian','ReverseRot',1426345691,0,'java','good'),
(2159,'mitchp','ReverseRot',1426345825,0,'java','wrong'),
(2160,'remydf','ReverseRot',1426345895,0,'cpp','wrong'),
(2161,'remydf','ReverseRot',1426345977,0,'cpp','good'),
(2162,'mitchp','ReverseRot',1426346259,0,'java','good'),
(2163,'jeromys','ReverseRot',1426346773,0,'java','wrong'),
(2164,'will','ReverseRot',1426346819,0,'java','wrong'),
(2165,'jeromys','ReverseRot',1426346925,0,'java','good'),
(2166,'dave','ReverseRot',1426347029,0,'py','good'),
(2167,'brian','Fun',1426347272,0,'java','wrong'),
(2168,'will','ReverseRot',1426347308,0,'java','good'),
(2169,'brian','Fun',1426347397,0,'java','good'),
(2170,'mitchp','WordCloud',1426347804,0,'java','good'),
(2171,'remydf','Fun',1426348667,0,'cpp','wrong'),
(2172,'mitchp','Fun',1426348980,0,'java','good'),
(2173,'jeromys','Fun',1426349020,0,'java','good'),
(2174,'will','Fun',1426349050,0,'java','wrong'),
(2175,'remydf','Fun',1426349132,0,'cpp','good'),
(2176,'will','Fun',1426349168,0,'java','good'),
(2177,'brian','Multiplication',1426349832,0,'java','wrong'),
(2178,'brian','Multiplication',1426350427,0,'java','wrong'),
(2179,'dave','Fun',1426350465,0,'py','good'),
(2180,'dave','WetTiles',1426351117,0,'py','timeout'),
(2181,'mitchp','Multiplication',1426351468,0,'java','good'),
(2182,'dave','WetTiles',1426351594,0,'py','good'),
(2183,'willa','ReverseRot',1426351778,0,'py','good'),
(2184,'will','WordCloud',1426351962,0,'java','good'),
(2185,'brian','Multiplication',1426352353,0,'java','wrong'),
(2186,'dave','WordCloud',1426352850,0,'py','good'),
(2187,'jeromys','WordCloud',1426352851,0,'java','good'),
(2188,'brian','Multiplication',1426352942,0,'java','good'),
(2189,'mitchp','WetTiles',1426354050,0,'java','timeout'),
(2190,'remydf','Multiplication',1426354161,0,'cpp','good'),
(2191,'mitchp','WetTiles',1426354712,0,'java','good'),
(2192,'brian','WordCloud',1426355081,0,'java','wrong'),
(2193,'dave','Multiplication',1426355297,0,'py','good'),
(2194,'remydf','WordCloud',1426355620,0,'cpp','good'),
(2195,'brian','WordCloud',1426355778,0,'java','good'),
(2196,'remydf','WetTiles',1426364535,0,'cpp','wrong'),
(2197,'remydf','WetTiles',1426364670,0,'cpp','wrong'),
(2198,'remydf','WetTiles',1426364775,0,'cpp','good'),
(2199,'brandonm','ReverseRot',1426378117,0,'java','good'),
(2200,'brandonm','Fun',1426385606,0,'java','wrong'),
(2203,'mitchp','Lexicography',1426558980,0,'java','runtime'),
(2205,'brian','Lexicography',1426590657,0,'java','runtime'),
(2206,'mitchp','RoundRobin',1426615931,0,'java','good'),
(2207,'brian','Lexicography',1426629178,0,'java','good'),
(2208,'mitchp','Lexicography',1426700670,0,'java','good'),
(2209,'mitchp','MazeMakers',1426707222,0,'java','good'),
(2210,'jeffw','RoundRobin',1426709641,0,'java','good'),
(2211,'brandonm','Fun',1426721126,0,'java','good'),
(2212,'willa','Fun',1426724812,0,'java','good'),
(2213,'brian','MazeMakers',1426742998,0,'java','good'),
(2214,'drew','Fun',1426774234,0,'java','timeout'),
(2215,'drew','Fun',1426774643,0,'java','timeout'),
(2216,'drew','Fun',1426795754,0,'java','timeout'),
(2217,'drew','Fun',1426799400,0,'java','wrong'),
(2218,'drew','Fun',1426799490,0,'java','wrong'),
(2219,'drew','Fun',1426818497,0,'java','good'),
(2220,'jeffw','SortMe',1426823292,0,'java','good'),
(2225,'lucyr','Fun',1426901326,0,'java','good'),
(2226,'jeffw','Calculation',1426997242,0,'java','good'),
(2227,'jeffw','ReverseRot',1427084686,0,'java','good'),
(2228,'jeffw','Duplicate',1427090012,0,'java','good'),
(2237,'jeffw','Gnome',1427474135,0,'java','good'),
(2238,'drew','ReverseRot',1427475668,0,'java','wrong'),
(2239,'drew','ReverseRot',1427475726,0,'java','good'),
(2240,'jeffw','RockPaper',1427578376,0,'java','good'),
(2241,'lucyr','PizzaPricing',1427654897,0,'java','good'),
(2242,'lucyr','FridgeMagnets',1427658134,0,'java','good'),
(2246,'jeffw','Islands',1427683592,0,'java','good'),
(2247,'jeffw','PizzaPricing',1427781522,0,'java','good'),
(2250,'mitchp','Quicksum',1427929716,0,'java','good'),
(2251,'brian','Quicksum',1427929786,0,'java','good'),
(2252,'will','Quicksum',1427929790,0,'java','good'),
(2253,'justinm','Quicksum',1427929819,0,'java','good'),
(2254,'remydf','Quicksum',1427929825,0,'cpp','good'),
(2255,'brandonm','Quicksum',1427929825,0,'java','good'),
(2256,'willa','Quicksum',1427929851,0,'py','good'),
(2257,'dillon','Quicksum',1427930055,0,'java','good'),
(2258,'merediths','Quicksum',1427930115,0,'java','good'),
(2259,'lucyr','Quicksum',1427930127,0,'java','good'),
(2260,'remydf','RootProblem',1427930155,0,'cpp','good'),
(2261,'dave','Quicksum',1427930178,0,'py','wrong'),
(2262,'brian','RootProblem',1427930269,0,'java','good'),
(2263,'drew','Quicksum',1427930305,0,'java','good'),
(2264,'dave','Quicksum',1427930316,0,'py','wrong'),
(2265,'dave','Quicksum',1427930377,0,'py','good'),
(2266,'mitchp','SurprisingStrings',1427930414,0,'java','good'),
(2267,'john_mac','Quicksum',1427930604,0,'java','good'),
(2268,'dave','RootProblem',1427930623,0,'py','good'),
(2269,'caioalves','Quicksum',1427930698,0,'java','good'),
(2270,'mitchp','RootProblem',1427930753,0,'java','good'),
(2271,'remydf','SurprisingStrings',1427930804,0,'cpp','good'),
(2272,'justinm','Pachinko',1427930872,0,'java','good'),
(2273,'dillon','RootProblem',1427930892,0,'java','good'),
(2274,'willa','RootProblem',1427930934,0,'java','good'),
(2275,'jacob','Quicksum',1427931040,0,'java','good'),
(2276,'brandonm','RootProblem',1427931123,0,'java','wrong'),
(2277,'brian','SurprisingStrings',1427931237,0,'java','good'),
(2278,'merediths','SurprisingStrings',1427931268,0,'java','good'),
(2279,'lucyr','RootProblem',1427931362,0,'java','good'),
(2280,'will','SurprisingStrings',1427931401,0,'java','good'),
(2281,'dave','SurprisingStrings',1427931505,0,'py','good'),
(2282,'carlosdrury','Quicksum',1427931544,0,'java','good'),
(2283,'remydf','Pachinko',1427931597,0,'cpp','good'),
(2284,'justinm','RootProblem',1427931789,0,'java','good'),
(2285,'will','RootProblem',1427931950,0,'java','good'),
(2286,'dillon','SurprisingStrings',1427931959,0,'java','good'),
(2287,'caioalves','RootProblem',1427931987,0,'java','good'),
(2288,'willa','SurprisingStrings',1427932022,0,'java','good'),
(2289,'brian','Pachinko',1427932198,0,'java','good'),
(2290,'drew','RootProblem',1427932309,0,'java','wrong'),
(2291,'dave','Pachinko',1427932314,0,'py','good'),
(2292,'justinm','SurprisingStrings',1427932384,0,'java','good'),
(2293,'brandonm','RootProblem',1427932405,0,'java','wrong'),
(2294,'brandonm','RootProblem',1427932490,0,'java','wrong'),
(2295,'drew','RootProblem',1427932554,0,'java','wrong'),
(2296,'lucyr','SurprisingStrings',1427932564,0,'java','good'),
(2297,'merediths','RootProblem',1427932572,0,'java','wrong'),
(2298,'merediths','RootProblem',1427932667,0,'java','good'),
(2299,'mitchp','Pachinko',1427932726,0,'java','good'),
(2300,'john_mac','RootProblem',1427932736,0,'java','good'),
(2301,'will','Pachinko',1427932858,0,'java','good'),
(2302,'remydf','FrugalSearch',1427933127,0,'cpp','wrong'),
(2303,'dillon','Pachinko',1427933240,0,'java','good'),
(2304,'drew','SurprisingStrings',1427933468,0,'java','good'),
(2305,'brandonm','RootProblem',1427933580,0,'java','wrong'),
(2306,'willa','Pachinko',1427933593,0,'java','good'),
(2307,'remydf','FrugalSearch',1427933604,0,'cpp','good'),
(2308,'caioalves','SurprisingStrings',1427933652,0,'java','good'),
(2309,'brandonm','SurprisingStrings',1427933836,0,'java','good'),
(2310,'dave','Gorelians',1427933960,0,'py','good'),
(2311,'drew','RootProblem',1427934146,0,'java','good'),
(2312,'mitchp','FrugalSearch',1427934193,0,'java','good'),
(2313,'justinm','FrugalSearch',1427934353,0,'java','good'),
(2314,'lucyr','Pachinko',1427934774,0,'java','good'),
(2315,'dave','FrugalSearch',1427935044,0,'py','good'),
(2316,'brian','FrugalSearch',1427935260,0,'java','wrong'),
(2317,'john_mac','SurprisingStrings',1427935288,0,'java','good'),
(2318,'jacob','RootProblem',1427935295,0,'java','wrong'),
(2319,'drew','Pachinko',1427935389,0,'java','good'),
(2320,'will','FrugalSearch',1427935427,0,'java','good'),
(2321,'brian','FrugalSearch',1427935616,0,'java','good'),
(2322,'brandonm','Pachinko',1427935988,0,'java','good'),
(2323,'merediths','Pachinko',1427936005,0,'java','good'),
(2324,'mitchp','Gorelians',1427936957,0,'java','good'),
(2325,'remydf','Gorelians',1427937095,0,'cpp','good'),
(2326,'justinm','Gorelians',1427937115,0,'java','wrong'),
(2327,'carlosdrury','SurprisingStrings',1427937251,0,'java','good'),
(2328,'willa','FrugalSearch',1427937839,0,'py','wrong'),
(2329,'john_mac','Pachinko',1427937883,0,'java','good'),
(2330,'brandonm','RootProblem',1427937959,0,'java','good'),
(2331,'dave','FallingIce',1427938052,0,'py','wrong'),
(2332,'caioalves','Pachinko',1427938779,0,'java','good'),
(2333,'justinm','Gorelians',1427938911,0,'java','wrong'),
(2334,'remydf','FallingIce',1427939117,0,'cpp','wrong'),
(2335,'dillon','FrugalSearch',1427939136,0,'java','good'),
(2336,'remydf','FallingIce',1427939359,0,'cpp','wrong'),
(2337,'merediths','FrugalSearch',1427939369,0,'java','good'),
(2338,'justinm','Gorelians',1427939852,0,'java','wrong'),
(2339,'caioalves','FallingIce',1427939958,0,'java','runtime'),
(2340,'caioalves','FrugalSearch',1427940014,0,'java','wrong'),
(2341,'caioalves','Gorelians',1427940020,0,'java','runtime'),
(2342,'willa','FrugalSearch',1427982734,0,'py','good'),
(2343,'john_mac','Fun',1428007281,0,'java','good'),
(2344,'mitchp','Gorelians',1428009508,0,'java','good'),
(2345,'mitchp','FrugalSearch',1428013571,0,'java','good'),
(2346,'brian','Gorelians',1428115728,0,'java','timeout');
/*!40000 ALTER TABLE `submits` ENABLE KEYS */;
UNLOCK TABLES;

--
-- Table structure for table `users`
--

DROP TABLE IF EXISTS `users`;
/*!40101 SET @saved_cs_client     = @@character_set_client */;
/*!40101 SET character_set_client = utf8 */;
CREATE TABLE `users` (
  `username` varchar(32) NOT NULL,
  `passw` varchar(255) DEFAULT NULL,
  `display` varchar(32) NOT NULL,
  `admin` tinyint(1) NOT NULL,
  PRIMARY KEY (`username`),
  FULLTEXT KEY `username` (`username`)
) ENGINE=MyISAM DEFAULT CHARSET=latin1;
/*!40101 SET character_set_client = @saved_cs_client */;

--
-- Dumping data for table `users`
--

LOCK TABLES `users` WRITE;
/*!40000 ALTER TABLE `users` DISABLE KEYS */;
INSERT INTO `users` VALUES ('brian','$2b$12$95hJ.4TE68Aj15vIxv8gPOGD0AH.qw623YM/zlX99xmTA/DXpvflG','Brian DeLoach',1),
('will','$2b$12$95hJ.4TE68Aj15vIxv8gPOGD0AH.qw623YM/zlX99xmTA/DXpvflG','William Hester',1),
('dave','$2b$12$95hJ.4TE68Aj15vIxv8gPOGD0AH.qw623YM/zlX99xmTA/DXpvflG','Dave Shuckerow',0),
('drew','$2b$12$95hJ.4TE68Aj15vIxv8gPOGD0AH.qw623YM/zlX99xmTA/DXpvflG','Drew Hoover',0),
('willa','$2b$12$95hJ.4TE68Aj15vIxv8gPOGD0AH.qw623YM/zlX99xmTA/DXpvflG','John William O&#39;Rourke',0),
('dillon','$2b$12$95hJ.4TE68Aj15vIxv8gPOGD0AH.qw623YM/zlX99xmTA/DXpvflG','Reedy Dillon ',0),
('mitchp','$2b$12$95hJ.4TE68Aj15vIxv8gPOGD0AH.qw623YM/zlX99xmTA/DXpvflG','Mitch Price',0),
('sam','$2b$12$95hJ.4TE68Aj15vIxv8gPOGD0AH.qw623YM/zlX99xmTA/DXpvflG','Sam Weise',0),
('quinn','$2b$12$95hJ.4TE68Aj15vIxv8gPOGD0AH.qw623YM/zlX99xmTA/DXpvflG','Quinn Pommerening',0),
('chrisd','$2b$12$95hJ.4TE68Aj15vIxv8gPOGD0AH.qw623YM/zlX99xmTA/DXpvflG','Chris',0),
('brandonm','$2b$12$95hJ.4TE68Aj15vIxv8gPOGD0AH.qw623YM/zlX99xmTA/DXpvflG','Brandon Morris',0),
('tester','$2b$12$95hJ.4TE68Aj15vIxv8gPOGD0AH.qw623YM/zlX99xmTA/DXpvflG','Judge Tester',1),
('jacob','$2b$12$95hJ.4TE68Aj15vIxv8gPOGD0AH.qw623YM/zlX99xmTA/DXpvflG','Jacob Scott',0),
('jeromys','$2b$12$95hJ.4TE68Aj15vIxv8gPOGD0AH.qw623YM/zlX99xmTA/DXpvflG','Jeromy Swann',0),
('chrisb','$2b$12$95hJ.4TE68Aj15vIxv8gPOGD0AH.qw623YM/zlX99xmTA/DXpvflG','Chris Barnes',0),
('kaitlync','$2b$12$95hJ.4TE68Aj15vIxv8gPOGD0AH.qw623YM/zlX99xmTA/DXpvflG','Kaitlyn Childers',0),
('merediths','$2b$12$95hJ.4TE68Aj15vIxv8gPOGD0AH.qw623YM/zlX99xmTA/DXpvflG','Meredith Singletary',0),
('justinm','$2b$12$95hJ.4TE68Aj15vIxv8gPOGD0AH.qw623YM/zlX99xmTA/DXpvflG','Justin A Middleton',0),
('remydf','$2b$12$95hJ.4TE68Aj15vIxv8gPOGD0AH.qw623YM/zlX99xmTA/DXpvflG','Remy De Fru',0),
('carlosdrury','$2b$12$95hJ.4TE68Aj15vIxv8gPOGD0AH.qw623YM/zlX99xmTA/DXpvflG','Carlos Drury',0),
('caioalves','$2b$12$95hJ.4TE68Aj15vIxv8gPOGD0AH.qw623YM/zlX99xmTA/DXpvflG','Caio Alves',0),
('waynenolen','$2b$12$95hJ.4TE68Aj15vIxv8gPOGD0AH.qw623YM/zlX99xmTA/DXpvflG','Wayne Nolen',0),
('alexeipillen','$2b$12$95hJ.4TE68Aj15vIxv8gPOGD0AH.qw623YM/zlX99xmTA/DXpvflG','Alexei Pillen',0),
('john_mac','$2b$12$95hJ.4TE68Aj15vIxv8gPOGD0AH.qw623YM/zlX99xmTA/DXpvflG','John Harrison',0),
('jeffo','$2b$12$95hJ.4TE68Aj15vIxv8gPOGD0AH.qw623YM/zlX99xmTA/DXpvflG','Jeff Overbey',0),
('jeffw','$2b$12$95hJ.4TE68Aj15vIxv8gPOGD0AH.qw623YM/zlX99xmTA/DXpvflG','Jeff Wang',0),
('lucyr','$2b$12$95hJ.4TE68Aj15vIxv8gPOGD0AH.qw623YM/zlX99xmTA/DXpvflG','Lucy Reynolds',0);
/*!40000 ALTER TABLE `users` ENABLE KEYS */;
UNLOCK TABLES;
/*!40103 SET TIME_ZONE=@OLD_TIME_ZONE */;

/*!40101 SET SQL_MODE=@OLD_SQL_MODE */;
/*!40014 SET FOREIGN_KEY_CHECKS=@OLD_FOREIGN_KEY_CHECKS */;
/*!40014 SET UNIQUE_CHECKS=@OLD_UNIQUE_CHECKS */;
/*!40101 SET CHARACTER_SET_CLIENT=@OLD_CHARACTER_SET_CLIENT */;
/*!40101 SET CHARACTER_SET_RESULTS=@OLD_CHARACTER_SET_RESULTS */;
/*!40101 SET COLLATION_CONNECTION=@OLD_COLLATION_CONNECTION */;
/*!40111 SET SQL_NOTES=@OLD_SQL_NOTES */;

-- Dump completed on 2015-10-18 18:26:29
